edh_id,subset,edh_url,trismegistos_uri,edcs_uri
HD006651,devsample,https://edh.ub.uni-heidelberg.de/edh/inschrift/HD006651,https://www.trismegistos.org/text/264732,https://edcs.hist.uzh.ch/en/document?edcs-id=EDCS-09400030
HD052159,devsample,https://edh.ub.uni-heidelberg.de/edh/inschrift/HD052159,https://www.trismegistos.org/text/184253,https://edcs.hist.uzh.ch/en/document?edcs-id=EDCS-28000036
HD037696,devsample,https://edh.ub.uni-heidelberg.de/edh/inschrift/HD037696,https://www.trismegistos.org/text/229038,https://edcs.hist.uzh.ch/en/document?edcs-id=EDCS-05502847
HD050987,devsample,https://edh.ub.uni-heidelberg.de/edh/inschrift/HD050987,https://www.trismegistos.org/text/197556,https://edcs.hist.uzh.ch/en/document?edcs-id=EDCS-03300828
HD062695,devsample,https://edh.ub.uni-heidelberg.de/edh/inschrift/HD062695,https://www.trismegistos.org/text/217341,https://edcs.hist.uzh.ch/en/document?edcs-id=EDCS-37600023
HD038838,devsample,https://edh.ub.uni-heidelberg.de/edh/inschrift/HD038838,https://www.trismegistos.org/text/179655,https://edcs.hist.uzh.ch/en/document?edcs-id=EDCS-15800476
HD036320,devsample,https://edh.ub.uni-heidelberg.de/edh/inschrift/HD036320,https://www.trismegistos.org/text/176468,https://edcs.hist.uzh.ch/en/document?edcs-id=EDCS-66200043
HD069971,devsample,https://edh.ub.uni-heidelberg.de/edh/inschrift/HD069971,https://www.trismegistos.org/text/155203,https://edcs.hist.uzh.ch/en/document?edcs-id=EDCS-07801001
HD030752,devsample,https://edh.ub.uni-heidelberg.de/edh/inschrift/HD030752,https://www.trismegistos.org/text/222927,https://edcs.hist.uzh.ch/en/document?edcs-id=EDCS-08700950
HD077380,devsample,https://edh.ub.uni-heidelberg.de/edh/inschrift/HD077380,https://www.trismegistos.org/text/461084,
HD037260,devsample,https://edh.ub.uni-heidelberg.de/edh/inschrift/HD037260,https://www.trismegistos.org/text/214988,https://edcs.hist.uzh.ch/en/document?edcs-id=EDCS-14500656
HD043331,devsample,https://edh.ub.uni-heidelberg.de/edh/inschrift/HD043331,https://www.trismegistos.org/text/192218,https://edcs.hist.uzh.ch/en/document?edcs-id=EDCS-28500194
HD077652,devsample,https://edh.ub.uni-heidelberg.de/edh/inschrift/HD077652,https://www.trismegistos.org/text/461148,
HD040192,devsample,https://edh.ub.uni-heidelberg.de/edh/inschrift/HD040192,https://www.trismegistos.org/text/206178,https://edcs.hist.uzh.ch/en/document?edcs-id=EDCS-09800949
HD081835,devsample,https://edh.ub.uni-heidelberg.de/edh/inschrift/HD081835,https://www.trismegistos.org/text/424713,
HD010697,devsample,https://edh.ub.uni-heidelberg.de/edh/inschrift/HD010697,https://www.trismegistos.org/text/247735,https://edcs.hist.uzh.ch/en/document?edcs-id=EDCS-09401412
HD082180,devsample,https://edh.ub.uni-heidelberg.de/edh/inschrift/HD082180,https://www.trismegistos.org/text/424841,
HD057066,devsample,https://edh.ub.uni-heidelberg.de/edh/inschrift/HD057066,https://www.trismegistos.org/text/236848,https://edcs.hist.uzh.ch/en/document?edcs-id=EDCS-11901872
HD040777,devsample,https://edh.ub.uni-heidelberg.de/edh/inschrift/HD040777,https://www.trismegistos.org/text/206479,https://edcs.hist.uzh.ch/en/document?edcs-id=EDCS-09801237
HD044454,devsample,https://edh.ub.uni-heidelberg.de/edh/inschrift/HD044454,https://www.trismegistos.org/text/197759,https://edcs.hist.uzh.ch/en/document?edcs-id=EDCS-12400422
HD012160,devsample,https://edh.ub.uni-heidelberg.de/edh/inschrift/HD012160,https://www.trismegistos.org/text/195744,https://edcs.hist.uzh.ch/en/document?edcs-id=EDCS-17600063
HD056171,devsample,https://edh.ub.uni-heidelberg.de/edh/inschrift/HD056171,https://www.trismegistos.org/text/184946,https://edcs.hist.uzh.ch/en/document?edcs-id=EDCS-67300055
HD064834,devsample,https://edh.ub.uni-heidelberg.de/edh/inschrift/HD064834,https://www.trismegistos.org/text/189052,https://edcs.hist.uzh.ch/en/document?edcs-id=EDCS-47800010
HD082286,devsample,https://edh.ub.uni-heidelberg.de/edh/inschrift/HD082286,https://www.trismegistos.org/text/428724,
HD040590,devsample,https://edh.ub.uni-heidelberg.de/edh/inschrift/HD040590,https://www.trismegistos.org/text/206360,https://edcs.hist.uzh.ch/en/document?edcs-id=EDCS-09801123
HD064074,devsample,https://edh.ub.uni-heidelberg.de/edh/inschrift/HD064074,https://www.trismegistos.org/text/188684,https://edcs.hist.uzh.ch/en/document?edcs-id=EDCS-29900052
HD020935,devsample,https://edh.ub.uni-heidelberg.de/edh/inschrift/HD020935,https://www.trismegistos.org/text/191119,https://edcs.hist.uzh.ch/en/document?edcs-id=EDCS-11301489
HD053950,devsample,https://edh.ub.uni-heidelberg.de/edh/inschrift/HD053950,https://www.trismegistos.org/text/184624,https://edcs.hist.uzh.ch/en/document?edcs-id=EDCS-57200016
HD060905,devsample,https://edh.ub.uni-heidelberg.de/edh/inschrift/HD060905,https://www.trismegistos.org/text/186212,https://edcs.hist.uzh.ch/en/document?edcs-id=EDCS-10100929
HD065631,devsample,https://edh.ub.uni-heidelberg.de/edh/inschrift/HD065631,https://www.trismegistos.org/text/439314,https://edcs.hist.uzh.ch/en/document?edcs-id=EDCS-09200757
HD020990,devsample,https://edh.ub.uni-heidelberg.de/edh/inschrift/HD020990,https://www.trismegistos.org/text/179063,https://edcs.hist.uzh.ch/en/document?edcs-id=EDCS-15900533
HD041695,devsample,https://edh.ub.uni-heidelberg.de/edh/inschrift/HD041695,https://www.trismegistos.org/text/207186,https://edcs.hist.uzh.ch/en/document?edcs-id=EDCS-09801871
HD010171,devsample,https://edh.ub.uni-heidelberg.de/edh/inschrift/HD010171,https://www.trismegistos.org/text/203591,https://edcs.hist.uzh.ch/en/document?edcs-id=EDCS-09700431
HD076035,devsample,https://edh.ub.uni-heidelberg.de/edh/inschrift/HD076035,https://www.trismegistos.org/text/425063,
HD074748,devsample,https://edh.ub.uni-heidelberg.de/edh/inschrift/HD074748,,
HD005543,devsample,https://edh.ub.uni-heidelberg.de/edh/inschrift/HD005543,https://www.trismegistos.org/text/265390,https://edcs.hist.uzh.ch/en/document?edcs-id=EDCS-09001080
HD075915,devsample,https://edh.ub.uni-heidelberg.de/edh/inschrift/HD075915,https://www.trismegistos.org/text/417790,
HD002943,devsample,https://edh.ub.uni-heidelberg.de/edh/inschrift/HD002943,https://www.trismegistos.org/text/223280,https://edcs.hist.uzh.ch/en/document?edcs-id=EDCS-08701338
HD036143,devsample,https://edh.ub.uni-heidelberg.de/edh/inschrift/HD036143,https://www.trismegistos.org/text/193586,https://edcs.hist.uzh.ch/en/document?edcs-id=EDCS-11201649
HD049201,devsample,https://edh.ub.uni-heidelberg.de/edh/inschrift/HD049201,https://www.trismegistos.org/text/201499,https://edcs.hist.uzh.ch/en/document?edcs-id=EDCS-12500345
HD040020,devsample,https://edh.ub.uni-heidelberg.de/edh/inschrift/HD040020,https://www.trismegistos.org/text/206064,https://edcs.hist.uzh.ch/en/document?edcs-id=EDCS-09800853
HD067037,devsample,https://edh.ub.uni-heidelberg.de/edh/inschrift/HD067037,https://www.trismegistos.org/text/403542,https://edcs.hist.uzh.ch/en/document?edcs-id=EDCS-14600370
HD004624,devsample,https://edh.ub.uni-heidelberg.de/edh/inschrift/HD004624,https://www.trismegistos.org/text/216556,https://edcs.hist.uzh.ch/en/document?edcs-id=EDCS-10700604
HD006851,devsample,https://edh.ub.uni-heidelberg.de/edh/inschrift/HD006851,https://www.trismegistos.org/text/190759,https://edcs.hist.uzh.ch/en/document?edcs-id=EDCS-11300689
HD031295,devsample,https://edh.ub.uni-heidelberg.de/edh/inschrift/HD031295,https://www.trismegistos.org/text/222968,https://edcs.hist.uzh.ch/en/document?edcs-id=EDCS-08701015
HD033115,devsample,https://edh.ub.uni-heidelberg.de/edh/inschrift/HD033115,https://www.trismegistos.org/text/182292,https://edcs.hist.uzh.ch/en/document?edcs-id=EDCS-67200311
HD039003,devsample,https://edh.ub.uni-heidelberg.de/edh/inschrift/HD039003,https://www.trismegistos.org/text/215256,https://edcs.hist.uzh.ch/en/document?edcs-id=EDCS-14400482
HD062535,devsample,https://edh.ub.uni-heidelberg.de/edh/inschrift/HD062535,https://www.trismegistos.org/text/187312,https://edcs.hist.uzh.ch/en/document?edcs-id=EDCS-28800844
HD012537,devsample,https://edh.ub.uni-heidelberg.de/edh/inschrift/HD012537,https://www.trismegistos.org/text/192691,https://edcs.hist.uzh.ch/en/document?edcs-id=EDCS-11201456
HD004614,devsample,https://edh.ub.uni-heidelberg.de/edh/inschrift/HD004614,https://www.trismegistos.org/text/264867,
HD058640,devsample,https://edh.ub.uni-heidelberg.de/edh/inschrift/HD058640,https://www.trismegistos.org/text/217098,https://edcs.hist.uzh.ch/en/document?edcs-id=EDCS-27500236
HD029605,devsample,https://edh.ub.uni-heidelberg.de/edh/inschrift/HD029605,https://www.trismegistos.org/text/222132,https://edcs.hist.uzh.ch/en/document?edcs-id=EDCS-08700318
HD068849,devsample,https://edh.ub.uni-heidelberg.de/edh/inschrift/HD068849,https://www.trismegistos.org/text/410079,https://edcs.hist.uzh.ch/en/document?edcs-id=EDCS-32700115
HD043116,devsample,https://edh.ub.uni-heidelberg.de/edh/inschrift/HD043116,https://www.trismegistos.org/text/192043,https://edcs.hist.uzh.ch/en/document?edcs-id=EDCS-29100002
HD060667,devsample,https://edh.ub.uni-heidelberg.de/edh/inschrift/HD060667,https://www.trismegistos.org/text/212361,https://edcs.hist.uzh.ch/en/document?edcs-id=EDCS-11001593
HD034804,devsample,https://edh.ub.uni-heidelberg.de/edh/inschrift/HD034804,https://www.trismegistos.org/text/183376,https://edcs.hist.uzh.ch/en/document?edcs-id=EDCS-29600282
HD002320,devsample,https://edh.ub.uni-heidelberg.de/edh/inschrift/HD002320,https://www.trismegistos.org/text/198806,https://edcs.hist.uzh.ch/en/document?edcs-id=EDCS-08400558
HD041879,devsample,https://edh.ub.uni-heidelberg.de/edh/inschrift/HD041879,https://www.trismegistos.org/text/227568,https://edcs.hist.uzh.ch/en/document?edcs-id=EDCS-11800530
HD068473,devsample,https://edh.ub.uni-heidelberg.de/edh/inschrift/HD068473,https://www.trismegistos.org/text/405970,https://edcs.hist.uzh.ch/en/document?edcs-id=EDCS-48300117
HD042064,devsample,https://edh.ub.uni-heidelberg.de/edh/inschrift/HD042064,https://www.trismegistos.org/text/191425,https://edcs.hist.uzh.ch/en/document?edcs-id=EDCS-34100007
HD057031,devsample,https://edh.ub.uni-heidelberg.de/edh/inschrift/HD057031,https://www.trismegistos.org/text/228704,https://edcs.hist.uzh.ch/en/document?edcs-id=EDCS-05503620
HD036738,devsample,https://edh.ub.uni-heidelberg.de/edh/inschrift/HD036738,https://www.trismegistos.org/text/210988,https://edcs.hist.uzh.ch/en/document?edcs-id=EDCS-12700270
HD002825,devsample,https://edh.ub.uni-heidelberg.de/edh/inschrift/HD002825,https://www.trismegistos.org/text/203334,https://edcs.hist.uzh.ch/en/document?edcs-id=EDCS-08300636
HD001143,devsample,https://edh.ub.uni-heidelberg.de/edh/inschrift/HD001143,https://www.trismegistos.org/text/226657,https://edcs.hist.uzh.ch/en/document?edcs-id=EDCS-08600384
HD063583,devsample,https://edh.ub.uni-heidelberg.de/edh/inschrift/HD063583,https://www.trismegistos.org/text/188297,https://edcs.hist.uzh.ch/en/document?edcs-id=EDCS-29300175
HD072008,devsample,https://edh.ub.uni-heidelberg.de/edh/inschrift/HD072008,https://www.trismegistos.org/text/410336,https://edcs.hist.uzh.ch/en/document?edcs-id=EDCS-25601366
HD012680,devsample,https://edh.ub.uni-heidelberg.de/edh/inschrift/HD012680,https://www.trismegistos.org/text/178737,https://edcs.hist.uzh.ch/en/document?edcs-id=EDCS-16100743
HD058716,devsample,https://edh.ub.uni-heidelberg.de/edh/inschrift/HD058716,https://www.trismegistos.org/text/217162,https://edcs.hist.uzh.ch/en/document?edcs-id=EDCS-27500301
HD001573,devsample,https://edh.ub.uni-heidelberg.de/edh/inschrift/HD001573,https://www.trismegistos.org/text/251086,https://edcs.hist.uzh.ch/en/document?edcs-id=EDCS-08600113
HD076780,devsample,https://edh.ub.uni-heidelberg.de/edh/inschrift/HD076780,https://www.trismegistos.org/text/461192,
HD078751,devsample,https://edh.ub.uni-heidelberg.de/edh/inschrift/HD078751,,
HD079094,devsample,https://edh.ub.uni-heidelberg.de/edh/inschrift/HD079094,https://www.trismegistos.org/text/424933,
HD062367,devsample,https://edh.ub.uni-heidelberg.de/edh/inschrift/HD062367,https://www.trismegistos.org/text/187170,https://edcs.hist.uzh.ch/en/document?edcs-id=EDCS-28701341
HD071526,devsample,https://edh.ub.uni-heidelberg.de/edh/inschrift/HD071526,https://www.trismegistos.org/text/404424,https://edcs.hist.uzh.ch/en/document?edcs-id=EDCS-28600055
HD067457,devsample,https://edh.ub.uni-heidelberg.de/edh/inschrift/HD067457,https://www.trismegistos.org/text/402313,https://edcs.hist.uzh.ch/en/document?edcs-id=EDCS-44200183
HD064747,devsample,https://edh.ub.uni-heidelberg.de/edh/inschrift/HD064747,https://www.trismegistos.org/text/188965,https://edcs.hist.uzh.ch/en/document?edcs-id=EDCS-47800360
HD014109,devsample,https://edh.ub.uni-heidelberg.de/edh/inschrift/HD014109,https://www.trismegistos.org/text/120850,https://edcs.hist.uzh.ch/en/document?edcs-id=EDCS-09200526
HD037707,devsample,https://edh.ub.uni-heidelberg.de/edh/inschrift/HD037707,https://www.trismegistos.org/text/196349,https://edcs.hist.uzh.ch/en/document?edcs-id=EDCS-09900264
HD005472,devsample,https://edh.ub.uni-heidelberg.de/edh/inschrift/HD005472,https://www.trismegistos.org/text/265206,https://edcs.hist.uzh.ch/en/document?edcs-id=EDCS-14803193
HD041901,devsample,https://edh.ub.uni-heidelberg.de/edh/inschrift/HD041901,https://www.trismegistos.org/text/228465,https://edcs.hist.uzh.ch/en/document?edcs-id=EDCS-05503046
HD063855,devsample,https://edh.ub.uni-heidelberg.de/edh/inschrift/HD063855,https://www.trismegistos.org/text/188485,https://edcs.hist.uzh.ch/en/document?edcs-id=EDCS-31900080
HD057442,devsample,https://edh.ub.uni-heidelberg.de/edh/inschrift/HD057442,https://www.trismegistos.org/text/185186,https://edcs.hist.uzh.ch/en/document?edcs-id=EDCS-47800175
HD074857,devsample,https://edh.ub.uni-heidelberg.de/edh/inschrift/HD074857,,
HD040621,devsample,https://edh.ub.uni-heidelberg.de/edh/inschrift/HD040621,https://www.trismegistos.org/text/206386,https://edcs.hist.uzh.ch/en/document?edcs-id=EDCS-09801149
HD035168,devsample,https://edh.ub.uni-heidelberg.de/edh/inschrift/HD035168,https://www.trismegistos.org/text/183627,https://edcs.hist.uzh.ch/en/document?edcs-id=EDCS-10101745
HD032899,devsample,https://edh.ub.uni-heidelberg.de/edh/inschrift/HD032899,https://www.trismegistos.org/text/182245,https://edcs.hist.uzh.ch/en/document?edcs-id=EDCS-10000202
HD082063,devsample,https://edh.ub.uni-heidelberg.de/edh/inschrift/HD082063,https://www.trismegistos.org/text/424707,
HD067738,devsample,https://edh.ub.uni-heidelberg.de/edh/inschrift/HD067738,https://www.trismegistos.org/text/699908,https://edcs.hist.uzh.ch/en/document?edcs-id=EDCS-67200453
HD071666,devsample,https://edh.ub.uni-heidelberg.de/edh/inschrift/HD071666,https://www.trismegistos.org/text/404430,https://edcs.hist.uzh.ch/en/document?edcs-id=EDCS-28600062
HD064872,devsample,https://edh.ub.uni-heidelberg.de/edh/inschrift/HD064872,https://www.trismegistos.org/text/189090,https://edcs.hist.uzh.ch/en/document?edcs-id=EDCS-47800222
HD066417,devsample,https://edh.ub.uni-heidelberg.de/edh/inschrift/HD066417,https://www.trismegistos.org/text/494813,https://edcs.hist.uzh.ch/en/document?edcs-id=EDCS-10000108
HD035081,devsample,https://edh.ub.uni-heidelberg.de/edh/inschrift/HD035081,https://www.trismegistos.org/text/183541,https://edcs.hist.uzh.ch/en/document?edcs-id=EDCS-10101666
HD054242,devsample,https://edh.ub.uni-heidelberg.de/edh/inschrift/HD054242,https://www.trismegistos.org/text/184692,https://edcs.hist.uzh.ch/en/document?edcs-id=EDCS-31200882
HD063844,devsample,https://edh.ub.uni-heidelberg.de/edh/inschrift/HD063844,https://www.trismegistos.org/text/188475,https://edcs.hist.uzh.ch/en/document?edcs-id=EDCS-27601598
HD063817,devsample,https://edh.ub.uni-heidelberg.de/edh/inschrift/HD063817,https://www.trismegistos.org/text/188449,https://edcs.hist.uzh.ch/en/document?edcs-id=EDCS-29200273
HD046528,devsample,https://edh.ub.uni-heidelberg.de/edh/inschrift/HD046528,https://www.trismegistos.org/text/180901,https://edcs.hist.uzh.ch/en/document?edcs-id=EDCS-11200462
HD061580,devsample,https://edh.ub.uni-heidelberg.de/edh/inschrift/HD061580,https://www.trismegistos.org/text/186643,https://edcs.hist.uzh.ch/en/document?edcs-id=EDCS-30301395
HD079193,devsample,https://edh.ub.uni-heidelberg.de/edh/inschrift/HD079193,https://www.trismegistos.org/text/424966,https://edcs.hist.uzh.ch/en/document?edcs-id=EDCS-10801406
HD001154,devsample,https://edh.ub.uni-heidelberg.de/edh/inschrift/HD001154,https://www.trismegistos.org/text/251078,https://edcs.hist.uzh.ch/en/document?edcs-id=EDCS-08600105
HD032183,devsample,https://edh.ub.uni-heidelberg.de/edh/inschrift/HD032183,https://www.trismegistos.org/text/223311,https://edcs.hist.uzh.ch/en/document?edcs-id=EDCS-08701369
HD035073,devsample,https://edh.ub.uni-heidelberg.de/edh/inschrift/HD035073,https://www.trismegistos.org/text/183533,https://edcs.hist.uzh.ch/en/document?edcs-id=EDCS-10101658
HD038385,devsample,https://edh.ub.uni-heidelberg.de/edh/inschrift/HD038385,https://www.trismegistos.org/text/196610,https://edcs.hist.uzh.ch/en/document?edcs-id=EDCS-09900349
HD068303,devsample,https://edh.ub.uni-heidelberg.de/edh/inschrift/HD068303,https://www.trismegistos.org/text/495365,https://edcs.hist.uzh.ch/en/document?edcs-id=EDCS-08200692
HD081834,devsample,https://edh.ub.uni-heidelberg.de/edh/inschrift/HD081834,https://www.trismegistos.org/text/424827,
HD082270,devsample,https://edh.ub.uni-heidelberg.de/edh/inschrift/HD082270,https://www.trismegistos.org/text/428660,
HD030407,devsample,https://edh.ub.uni-heidelberg.de/edh/inschrift/HD030407,https://www.trismegistos.org/text/222445,https://edcs.hist.uzh.ch/en/document?edcs-id=EDCS-08700667
HD024694,devsample,https://edh.ub.uni-heidelberg.de/edh/inschrift/HD024694,https://www.trismegistos.org/text/196051,https://edcs.hist.uzh.ch/en/document?edcs-id=EDCS-16200100
HD081286,devsample,https://edh.ub.uni-heidelberg.de/edh/inschrift/HD081286,https://www.trismegistos.org/text/428609,
HD063519,devsample,https://edh.ub.uni-heidelberg.de/edh/inschrift/HD063519,https://www.trismegistos.org/text/188237,https://edcs.hist.uzh.ch/en/document?edcs-id=EDCS-29200210
HD063350,devsample,https://edh.ub.uni-heidelberg.de/edh/inschrift/HD063350,https://www.trismegistos.org/text/188068,https://edcs.hist.uzh.ch/en/document?edcs-id=EDCS-48000106
HD040312,devsample,https://edh.ub.uni-heidelberg.de/edh/inschrift/HD040312,https://www.trismegistos.org/text/206255,https://edcs.hist.uzh.ch/en/document?edcs-id=EDCS-09801021
HD081077,devsample,https://edh.ub.uni-heidelberg.de/edh/inschrift/HD081077,https://www.trismegistos.org/text/424544,
HD038171,devsample,https://edh.ub.uni-heidelberg.de/edh/inschrift/HD038171,https://www.trismegistos.org/text/196527,https://edcs.hist.uzh.ch/en/document?edcs-id=EDCS-28000273
HD057921,devsample,https://edh.ub.uni-heidelberg.de/edh/inschrift/HD057921,https://www.trismegistos.org/text/185362,https://edcs.hist.uzh.ch/en/document?edcs-id=EDCS-28400386
HD058050,devsample,https://edh.ub.uni-heidelberg.de/edh/inschrift/HD058050,https://www.trismegistos.org/text/185468,https://edcs.hist.uzh.ch/en/document?edcs-id=EDCS-31400331
HD039412,devsample,https://edh.ub.uni-heidelberg.de/edh/inschrift/HD039412,https://www.trismegistos.org/text/196831,https://edcs.hist.uzh.ch/en/document?edcs-id=EDCS-26600229
HD035074,devsample,https://edh.ub.uni-heidelberg.de/edh/inschrift/HD035074,https://www.trismegistos.org/text/183534,https://edcs.hist.uzh.ch/en/document?edcs-id=EDCS-10101659
HD053707,devsample,https://edh.ub.uni-heidelberg.de/edh/inschrift/HD053707,https://www.trismegistos.org/text/121803,https://edcs.hist.uzh.ch/en/document?edcs-id=EDCS-67200634
HD041579,devsample,https://edh.ub.uni-heidelberg.de/edh/inschrift/HD041579,https://www.trismegistos.org/text/207116,https://edcs.hist.uzh.ch/en/document?edcs-id=EDCS-09801811
HD040027,devsample,https://edh.ub.uni-heidelberg.de/edh/inschrift/HD040027,https://www.trismegistos.org/text/206071,https://edcs.hist.uzh.ch/en/document?edcs-id=EDCS-09800860
HD010400,devsample,https://edh.ub.uni-heidelberg.de/edh/inschrift/HD010400,https://www.trismegistos.org/text/264549,https://edcs.hist.uzh.ch/en/document?edcs-id=EDCS-09401316
HD002452,devsample,https://edh.ub.uni-heidelberg.de/edh/inschrift/HD002452,https://www.trismegistos.org/text/226774,https://edcs.hist.uzh.ch/en/document?edcs-id=EDCS-08400351
HD010225,devsample,https://edh.ub.uni-heidelberg.de/edh/inschrift/HD010225,https://www.trismegistos.org/text/203609,https://edcs.hist.uzh.ch/en/document?edcs-id=EDCS-09700449
HD039488,devsample,https://edh.ub.uni-heidelberg.de/edh/inschrift/HD039488,https://www.trismegistos.org/text/196867,https://edcs.hist.uzh.ch/en/document?edcs-id=EDCS-26600262
HD006784,devsample,https://edh.ub.uni-heidelberg.de/edh/inschrift/HD006784,https://www.trismegistos.org/text/264766,https://edcs.hist.uzh.ch/en/document?edcs-id=EDCS-09400063
HD025382,devsample,https://edh.ub.uni-heidelberg.de/edh/inschrift/HD025382,https://www.trismegistos.org/text/232739,https://edcs.hist.uzh.ch/en/document?edcs-id=EDCS-09100478
HD081978,devsample,https://edh.ub.uni-heidelberg.de/edh/inschrift/HD081978,https://www.trismegistos.org/text/424696,
HD000409,devsample,https://edh.ub.uni-heidelberg.de/edh/inschrift/HD000409,https://www.trismegistos.org/text/198762,https://edcs.hist.uzh.ch/en/document?edcs-id=EDCS-08500637
HD031661,devsample,https://edh.ub.uni-heidelberg.de/edh/inschrift/HD031661,https://www.trismegistos.org/text/223109,https://edcs.hist.uzh.ch/en/document?edcs-id=EDCS-08701157
HD035112,devsample,https://edh.ub.uni-heidelberg.de/edh/inschrift/HD035112,https://www.trismegistos.org/text/183572,https://edcs.hist.uzh.ch/en/document?edcs-id=EDCS-10101698
HD004999,devsample,https://edh.ub.uni-heidelberg.de/edh/inschrift/HD004999,https://www.trismegistos.org/text/265179,https://edcs.hist.uzh.ch/en/document?edcs-id=EDCS-18700136
HD000391,devsample,https://edh.ub.uni-heidelberg.de/edh/inschrift/HD000391,https://www.trismegistos.org/text/198754,https://edcs.hist.uzh.ch/en/document?edcs-id=EDCS-08500630
HD081273,devsample,https://edh.ub.uni-heidelberg.de/edh/inschrift/HD081273,https://www.trismegistos.org/text/424533,
HD024713,devsample,https://edh.ub.uni-heidelberg.de/edh/inschrift/HD024713,https://www.trismegistos.org/text/232548,https://edcs.hist.uzh.ch/en/document?edcs-id=EDCS-09100260
HD025648,devsample,https://edh.ub.uni-heidelberg.de/edh/inschrift/HD025648,https://www.trismegistos.org/text/210504,https://edcs.hist.uzh.ch/en/document?edcs-id=EDCS-11201867
HD032432,devsample,https://edh.ub.uni-heidelberg.de/edh/inschrift/HD032432,https://www.trismegistos.org/text/262752,https://edcs.hist.uzh.ch/en/document?edcs-id=EDCS-01000352
HD000583,devsample,https://edh.ub.uni-heidelberg.de/edh/inschrift/HD000583,https://www.trismegistos.org/text/265580,https://edcs.hist.uzh.ch/en/document?edcs-id=EDCS-18100424
HD022155,devsample,https://edh.ub.uni-heidelberg.de/edh/inschrift/HD022155,https://www.trismegistos.org/text/192783,https://edcs.hist.uzh.ch/en/document?edcs-id=EDCS-15900084
HD074232,devsample,https://edh.ub.uni-heidelberg.de/edh/inschrift/HD074232,,
HD075177,devsample,https://edh.ub.uni-heidelberg.de/edh/inschrift/HD075177,https://www.trismegistos.org/text/424751,
HD042308,devsample,https://edh.ub.uni-heidelberg.de/edh/inschrift/HD042308,https://www.trismegistos.org/text/184084,https://edcs.hist.uzh.ch/en/document?edcs-id=EDCS-12000839
HD014706,devsample,https://edh.ub.uni-heidelberg.de/edh/inschrift/HD014706,https://www.trismegistos.org/text/181902,https://edcs.hist.uzh.ch/en/document?edcs-id=EDCS-47800490
HD031064,devsample,https://edh.ub.uni-heidelberg.de/edh/inschrift/HD031064,https://www.trismegistos.org/text/222808,https://edcs.hist.uzh.ch/en/document?edcs-id=EDCS-08700830
HD044472,devsample,https://edh.ub.uni-heidelberg.de/edh/inschrift/HD044472,https://www.trismegistos.org/text/180209,https://edcs.hist.uzh.ch/en/document?edcs-id=EDCS-34100098
HD005127,devsample,https://edh.ub.uni-heidelberg.de/edh/inschrift/HD005127,https://www.trismegistos.org/text/265016,https://edcs.hist.uzh.ch/en/document?edcs-id=EDCS-36800024
HD066043,devsample,https://edh.ub.uni-heidelberg.de/edh/inschrift/HD066043,https://www.trismegistos.org/text/494227,https://edcs.hist.uzh.ch/en/document?edcs-id=EDCS-05400579
HD020413,devsample,https://edh.ub.uni-heidelberg.de/edh/inschrift/HD020413,https://www.trismegistos.org/text/181987,https://edcs.hist.uzh.ch/en/document?edcs-id=EDCS-09301173
HD045788,devsample,https://edh.ub.uni-heidelberg.de/edh/inschrift/HD045788,https://www.trismegistos.org/text/180692,https://edcs.hist.uzh.ch/en/document?edcs-id=EDCS-11300350
HD058301,devsample,https://edh.ub.uni-heidelberg.de/edh/inschrift/HD058301,https://www.trismegistos.org/text/185591,https://edcs.hist.uzh.ch/en/document?edcs-id=EDCS-30301420
HD001471,devsample,https://edh.ub.uni-heidelberg.de/edh/inschrift/HD001471,https://www.trismegistos.org/text/204700,https://edcs.hist.uzh.ch/en/document?edcs-id=EDCS-08600659
HD064092,devsample,https://edh.ub.uni-heidelberg.de/edh/inschrift/HD064092,https://www.trismegistos.org/text/188702,https://edcs.hist.uzh.ch/en/document?edcs-id=EDCS-31400317
HD056428,devsample,https://edh.ub.uni-heidelberg.de/edh/inschrift/HD056428,https://www.trismegistos.org/text/215795,https://edcs.hist.uzh.ch/en/document?edcs-id=EDCS-14400037
HD079279,devsample,https://edh.ub.uni-heidelberg.de/edh/inschrift/HD079279,https://www.trismegistos.org/text/462864,
HD024386,devsample,https://edh.ub.uni-heidelberg.de/edh/inschrift/HD024386,https://www.trismegistos.org/text/226939,https://edcs.hist.uzh.ch/en/document?edcs-id=EDCS-09100135
HD061687,devsample,https://edh.ub.uni-heidelberg.de/edh/inschrift/HD061687,https://www.trismegistos.org/text/186723,https://edcs.hist.uzh.ch/en/document?edcs-id=EDCS-30301347
HD062967,devsample,https://edh.ub.uni-heidelberg.de/edh/inschrift/HD062967,https://www.trismegistos.org/text/187685,https://edcs.hist.uzh.ch/en/document?edcs-id=EDCS-29600267
HD076880,devsample,https://edh.ub.uni-heidelberg.de/edh/inschrift/HD076880,https://www.trismegistos.org/text/463326,
HD034147,devsample,https://edh.ub.uni-heidelberg.de/edh/inschrift/HD034147,https://www.trismegistos.org/text/182741,https://edcs.hist.uzh.ch/en/document?edcs-id=EDCS-10000741
HD001235,devsample,https://edh.ub.uni-heidelberg.de/edh/inschrift/HD001235,https://www.trismegistos.org/text/247115,https://edcs.hist.uzh.ch/en/document?edcs-id=EDCS-08400176
HD037936,devsample,https://edh.ub.uni-heidelberg.de/edh/inschrift/HD037936,https://www.trismegistos.org/text/196481,https://edcs.hist.uzh.ch/en/document?edcs-id=EDCS-27900187
HD066064,devsample,https://edh.ub.uni-heidelberg.de/edh/inschrift/HD066064,https://www.trismegistos.org/text/494689,https://edcs.hist.uzh.ch/en/document?edcs-id=EDCS-08400596
HD041377,devsample,https://edh.ub.uni-heidelberg.de/edh/inschrift/HD041377,https://www.trismegistos.org/text/206942,https://edcs.hist.uzh.ch/en/document?edcs-id=EDCS-09801643
HD048312,devsample,https://edh.ub.uni-heidelberg.de/edh/inschrift/HD048312,https://www.trismegistos.org/text/181352,https://edcs.hist.uzh.ch/en/document?edcs-id=EDCS-27200098
HD029083,devsample,https://edh.ub.uni-heidelberg.de/edh/inschrift/HD029083,https://www.trismegistos.org/text/221952,https://edcs.hist.uzh.ch/en/document?edcs-id=EDCS-08700136
HD048502,devsample,https://edh.ub.uni-heidelberg.de/edh/inschrift/HD048502,https://www.trismegistos.org/text/121369,https://edcs.hist.uzh.ch/en/document?edcs-id=EDCS-23800584
HD002062,devsample,https://edh.ub.uni-heidelberg.de/edh/inschrift/HD002062,https://www.trismegistos.org/text/236367,
HD003686,devsample,https://edh.ub.uni-heidelberg.de/edh/inschrift/HD003686,https://www.trismegistos.org/text/181754,https://edcs.hist.uzh.ch/en/document?edcs-id=EDCS-47800391
HD039973,devsample,https://edh.ub.uni-heidelberg.de/edh/inschrift/HD039973,https://www.trismegistos.org/text/183990,https://edcs.hist.uzh.ch/en/document?edcs-id=EDCS-03000744
HD074113,devsample,https://edh.ub.uni-heidelberg.de/edh/inschrift/HD074113,,
HD041872,devsample,https://edh.ub.uni-heidelberg.de/edh/inschrift/HD041872,https://www.trismegistos.org/text/184072,https://edcs.hist.uzh.ch/en/document?edcs-id=EDCS-48100023
HD041313,devsample,https://edh.ub.uni-heidelberg.de/edh/inschrift/HD041313,https://www.trismegistos.org/text/236324,https://edcs.hist.uzh.ch/en/document?edcs-id=EDCS-10900745
HD042468,devsample,https://edh.ub.uni-heidelberg.de/edh/inschrift/HD042468,https://www.trismegistos.org/text/184090,https://edcs.hist.uzh.ch/en/document?edcs-id=EDCS-28300095
HD026156,devsample,https://edh.ub.uni-heidelberg.de/edh/inschrift/HD026156,https://www.trismegistos.org/text/232848,https://edcs.hist.uzh.ch/en/document?edcs-id=EDCS-09100588
HD057842,devsample,https://edh.ub.uni-heidelberg.de/edh/inschrift/HD057842,https://www.trismegistos.org/text/216367,https://edcs.hist.uzh.ch/en/document?edcs-id=EDCS-44200180
HD006476,devsample,https://edh.ub.uni-heidelberg.de/edh/inschrift/HD006476,https://www.trismegistos.org/text/285445,https://edcs.hist.uzh.ch/en/document?edcs-id=EDCS-08300352
HD000438,devsample,https://edh.ub.uni-heidelberg.de/edh/inschrift/HD000438,https://www.trismegistos.org/text/212606,https://edcs.hist.uzh.ch/en/document?edcs-id=EDCS-08600505
HD008004,devsample,https://edh.ub.uni-heidelberg.de/edh/inschrift/HD008004,https://www.trismegistos.org/text/194017,https://edcs.hist.uzh.ch/en/document?edcs-id=EDCS-07600384
HD040707,devsample,https://edh.ub.uni-heidelberg.de/edh/inschrift/HD040707,https://www.trismegistos.org/text/208476,https://edcs.hist.uzh.ch/en/document?edcs-id=EDCS-10600991
HD070176,devsample,https://edh.ub.uni-heidelberg.de/edh/inschrift/HD070176,https://www.trismegistos.org/text/155428,https://edcs.hist.uzh.ch/en/document?edcs-id=EDCS-07801226
HD073149,devsample,https://edh.ub.uni-heidelberg.de/edh/inschrift/HD073149,,
HD057202,devsample,https://edh.ub.uni-heidelberg.de/edh/inschrift/HD057202,https://www.trismegistos.org/text/216022,https://edcs.hist.uzh.ch/en/document?edcs-id=EDCS-14600113
HD039831,devsample,https://edh.ub.uni-heidelberg.de/edh/inschrift/HD039831,https://www.trismegistos.org/text/205972,https://edcs.hist.uzh.ch/en/document?edcs-id=EDCS-09800770
HD042968,devsample,https://edh.ub.uni-heidelberg.de/edh/inschrift/HD042968,https://www.trismegistos.org/text/191937,https://edcs.hist.uzh.ch/en/document?edcs-id=EDCS-28500189
HD025250,devsample,https://edh.ub.uni-heidelberg.de/edh/inschrift/HD025250,https://www.trismegistos.org/text/232124,https://edcs.hist.uzh.ch/en/document?edcs-id=EDCS-09100423
HD000029,devsample,https://edh.ub.uni-heidelberg.de/edh/inschrift/HD000029,https://www.trismegistos.org/text/265623,https://edcs.hist.uzh.ch/en/document?edcs-id=EDCS-08500036
HD057216,devsample,https://edh.ub.uni-heidelberg.de/edh/inschrift/HD057216,https://www.trismegistos.org/text/185112,https://edcs.hist.uzh.ch/en/document?edcs-id=EDCS-56900169
HD026246,devsample,https://edh.ub.uni-heidelberg.de/edh/inschrift/HD026246,https://www.trismegistos.org/text/232878,https://edcs.hist.uzh.ch/en/document?edcs-id=EDCS-09100618
HD054705,devsample,https://edh.ub.uni-heidelberg.de/edh/inschrift/HD054705,https://www.trismegistos.org/text/197351,https://edcs.hist.uzh.ch/en/document?edcs-id=EDCS-32500170
HD000788,devsample,https://edh.ub.uni-heidelberg.de/edh/inschrift/HD000788,https://www.trismegistos.org/text/282476,https://edcs.hist.uzh.ch/en/document?edcs-id=EDCS-10701479
HD036386,devsample,https://edh.ub.uni-heidelberg.de/edh/inschrift/HD036386,https://www.trismegistos.org/text/183884,https://edcs.hist.uzh.ch/en/document?edcs-id=EDCS-37900123
HD076072,devsample,https://edh.ub.uni-heidelberg.de/edh/inschrift/HD076072,https://www.trismegistos.org/text/424283,
HD006815,devsample,https://edh.ub.uni-heidelberg.de/edh/inschrift/HD006815,https://www.trismegistos.org/text/190747,https://edcs.hist.uzh.ch/en/document?edcs-id=EDCS-11300694
HD074863,devsample,https://edh.ub.uni-heidelberg.de/edh/inschrift/HD074863,,
HD026226,devsample,https://edh.ub.uni-heidelberg.de/edh/inschrift/HD026226,https://www.trismegistos.org/text/182111,https://edcs.hist.uzh.ch/en/document?edcs-id=EDCS-30600135
HD042390,devsample,https://edh.ub.uni-heidelberg.de/edh/inschrift/HD042390,https://www.trismegistos.org/text/215427,https://edcs.hist.uzh.ch/en/document?edcs-id=EDCS-14400559
HD066038,devsample,https://edh.ub.uni-heidelberg.de/edh/inschrift/HD066038,https://www.trismegistos.org/text/494494,https://edcs.hist.uzh.ch/en/document?edcs-id=EDCS-55200051
HD038528,devsample,https://edh.ub.uni-heidelberg.de/edh/inschrift/HD038528,https://www.trismegistos.org/text/195173,https://edcs.hist.uzh.ch/en/document?edcs-id=EDCS-09900418
HD022161,devsample,https://edh.ub.uni-heidelberg.de/edh/inschrift/HD022161,https://www.trismegistos.org/text/192785,https://edcs.hist.uzh.ch/en/document?edcs-id=EDCS-15900086
HD041069,devsample,https://edh.ub.uni-heidelberg.de/edh/inschrift/HD041069,https://www.trismegistos.org/text/206734,https://edcs.hist.uzh.ch/en/document?edcs-id=EDCS-09801452
HD061901,devsample,https://edh.ub.uni-heidelberg.de/edh/inschrift/HD061901,https://www.trismegistos.org/text/186878,https://edcs.hist.uzh.ch/en/document?edcs-id=EDCS-48000056
HD001749,devsample,https://edh.ub.uni-heidelberg.de/edh/inschrift/HD001749,https://www.trismegistos.org/text/193979,https://edcs.hist.uzh.ch/en/document?edcs-id=EDCS-09900496
HD063357,devsample,https://edh.ub.uni-heidelberg.de/edh/inschrift/HD063357,https://www.trismegistos.org/text/188075,https://edcs.hist.uzh.ch/en/document?edcs-id=EDCS-48000066
HD038039,devsample,https://edh.ub.uni-heidelberg.de/edh/inschrift/HD038039,https://www.trismegistos.org/text/215058,https://edcs.hist.uzh.ch/en/document?edcs-id=EDCS-14500667
HD053801,devsample,https://edh.ub.uni-heidelberg.de/edh/inschrift/HD053801,https://www.trismegistos.org/text/197320,https://edcs.hist.uzh.ch/en/document?edcs-id=EDCS-04900878
HD016758,devsample,https://edh.ub.uni-heidelberg.de/edh/inschrift/HD016758,https://www.trismegistos.org/text/221868,https://edcs.hist.uzh.ch/en/document?edcs-id=EDCS-08700052
HD040776,devsample,https://edh.ub.uni-heidelberg.de/edh/inschrift/HD040776,https://www.trismegistos.org/text/206478,https://edcs.hist.uzh.ch/en/document?edcs-id=EDCS-09801236
HD040842,devsample,https://edh.ub.uni-heidelberg.de/edh/inschrift/HD040842,https://www.trismegistos.org/text/206531,https://edcs.hist.uzh.ch/en/document?edcs-id=EDCS-09801280
HD012325,devsample,https://edh.ub.uni-heidelberg.de/edh/inschrift/HD012325,https://www.trismegistos.org/text/192685,https://edcs.hist.uzh.ch/en/document?edcs-id=EDCS-11201331
HD056663,devsample,https://edh.ub.uni-heidelberg.de/edh/inschrift/HD056663,https://www.trismegistos.org/text/185024,https://edcs.hist.uzh.ch/en/document?edcs-id=EDCS-51400054
HD032149,devsample,https://edh.ub.uni-heidelberg.de/edh/inschrift/HD032149,https://www.trismegistos.org/text/194632,https://edcs.hist.uzh.ch/en/document?edcs-id=EDCS-17800029
HD061377,devsample,https://edh.ub.uni-heidelberg.de/edh/inschrift/HD061377,https://www.trismegistos.org/text/212457,https://edcs.hist.uzh.ch/en/document?edcs-id=EDCS-11001814
HD039052,devsample,https://edh.ub.uni-heidelberg.de/edh/inschrift/HD039052,https://www.trismegistos.org/text/179770,https://edcs.hist.uzh.ch/en/document?edcs-id=EDCS-15900567
HD035137,devsample,https://edh.ub.uni-heidelberg.de/edh/inschrift/HD035137,https://www.trismegistos.org/text/183596,https://edcs.hist.uzh.ch/en/document?edcs-id=EDCS-10101713
HD008750,devsample,https://edh.ub.uni-heidelberg.de/edh/inschrift/HD008750,https://www.trismegistos.org/text/224105,https://edcs.hist.uzh.ch/en/document?edcs-id=EDCS-09000777
HD012022,devsample,https://edh.ub.uni-heidelberg.de/edh/inschrift/HD012022,https://www.trismegistos.org/text/181865,https://edcs.hist.uzh.ch/en/document?edcs-id=EDCS-10000856
HD027945,devsample,https://edh.ub.uni-heidelberg.de/edh/inschrift/HD027945,https://www.trismegistos.org/text/182140,https://edcs.hist.uzh.ch/en/document?edcs-id=EDCS-10101730
HD002322,devsample,https://edh.ub.uni-heidelberg.de/edh/inschrift/HD002322,https://www.trismegistos.org/text/247142,https://edcs.hist.uzh.ch/en/document?edcs-id=EDCS-08300232
HD077457,devsample,https://edh.ub.uni-heidelberg.de/edh/inschrift/HD077457,https://www.trismegistos.org/text/463392,
HD054538,devsample,https://edh.ub.uni-heidelberg.de/edh/inschrift/HD054538,https://www.trismegistos.org/text/184722,https://edcs.hist.uzh.ch/en/document?edcs-id=EDCS-29000292
HD068408,devsample,https://edh.ub.uni-heidelberg.de/edh/inschrift/HD068408,https://www.trismegistos.org/text/408561,https://edcs.hist.uzh.ch/en/document?edcs-id=EDCS-29000498
HD030842,devsample,https://edh.ub.uni-heidelberg.de/edh/inschrift/HD030842,https://www.trismegistos.org/text/222685,https://edcs.hist.uzh.ch/en/document?edcs-id=EDCS-08700985
HD026983,devsample,https://edh.ub.uni-heidelberg.de/edh/inschrift/HD026983,https://www.trismegistos.org/text/192809,https://edcs.hist.uzh.ch/en/document?edcs-id=EDCS-11201443
HD000229,devsample,https://edh.ub.uni-heidelberg.de/edh/inschrift/HD000229,https://www.trismegistos.org/text/245288,https://edcs.hist.uzh.ch/en/document?edcs-id=EDCS-08500168
HD033657,devsample,https://edh.ub.uni-heidelberg.de/edh/inschrift/HD033657,https://www.trismegistos.org/text/193061,https://edcs.hist.uzh.ch/en/document?edcs-id=EDCS-10100444
HD004867,devsample,https://edh.ub.uni-heidelberg.de/edh/inschrift/HD004867,https://www.trismegistos.org/text/198871,https://edcs.hist.uzh.ch/en/document?edcs-id=EDCS-25601008
HD018123,devsample,https://edh.ub.uni-heidelberg.de/edh/inschrift/HD018123,https://www.trismegistos.org/text/210050,https://edcs.hist.uzh.ch/en/document?edcs-id=EDCS-06100417
HD047064,devsample,https://edh.ub.uni-heidelberg.de/edh/inschrift/HD047064,https://www.trismegistos.org/text/181165,https://edcs.hist.uzh.ch/en/document?edcs-id=EDCS-28400710
HD040236,devsample,https://edh.ub.uni-heidelberg.de/edh/inschrift/HD040236,https://www.trismegistos.org/text/196981,https://edcs.hist.uzh.ch/en/document?edcs-id=EDCS-26600357
HD000156,devsample,https://edh.ub.uni-heidelberg.de/edh/inschrift/HD000156,https://www.trismegistos.org/text/265614,https://edcs.hist.uzh.ch/en/document?edcs-id=EDCS-08500027
HD005997,devsample,https://edh.ub.uni-heidelberg.de/edh/inschrift/HD005997,https://www.trismegistos.org/text/181792,https://edcs.hist.uzh.ch/en/document?edcs-id=EDCS-08900529
HD038747,devsample,https://edh.ub.uni-heidelberg.de/edh/inschrift/HD038747,https://www.trismegistos.org/text/215170,https://edcs.hist.uzh.ch/en/document?edcs-id=EDCS-14600390
HD023835,devsample,https://edh.ub.uni-heidelberg.de/edh/inschrift/HD023835,https://www.trismegistos.org/text/182059,https://edcs.hist.uzh.ch/en/document?edcs-id=EDCS-10100776
HD064423,devsample,https://edh.ub.uni-heidelberg.de/edh/inschrift/HD064423,https://www.trismegistos.org/text/188837,https://edcs.hist.uzh.ch/en/document?edcs-id=EDCS-47800487
HD002091,devsample,https://edh.ub.uni-heidelberg.de/edh/inschrift/HD002091,https://www.trismegistos.org/text/176355,https://edcs.hist.uzh.ch/en/document?edcs-id=EDCS-05300105
HD074408,devsample,https://edh.ub.uni-heidelberg.de/edh/inschrift/HD074408,https://www.trismegistos.org/text/407616,https://edcs.hist.uzh.ch/en/document?edcs-id=EDCS-28800763
HD038951,devsample,https://edh.ub.uni-heidelberg.de/edh/inschrift/HD038951,https://www.trismegistos.org/text/179706,https://edcs.hist.uzh.ch/en/document?edcs-id=EDCS-15900530
HD063218,devsample,https://edh.ub.uni-heidelberg.de/edh/inschrift/HD063218,https://www.trismegistos.org/text/187936,https://edcs.hist.uzh.ch/en/document?edcs-id=EDCS-29500277
HD000786,devsample,https://edh.ub.uni-heidelberg.de/edh/inschrift/HD000786,https://www.trismegistos.org/text/222940,https://edcs.hist.uzh.ch/en/document?edcs-id=EDCS-08700963
HD081824,devsample,https://edh.ub.uni-heidelberg.de/edh/inschrift/HD081824,https://www.trismegistos.org/text/424764,
HD041458,devsample,https://edh.ub.uni-heidelberg.de/edh/inschrift/HD041458,https://www.trismegistos.org/text/207020,https://edcs.hist.uzh.ch/en/document?edcs-id=EDCS-09801718
HD074265,devsample,https://edh.ub.uni-heidelberg.de/edh/inschrift/HD074265,https://www.trismegistos.org/text/407913,https://edcs.hist.uzh.ch/en/document?edcs-id=EDCS-28800131
HD065848,devsample,https://edh.ub.uni-heidelberg.de/edh/inschrift/HD065848,https://www.trismegistos.org/text/494493,https://edcs.hist.uzh.ch/en/document?edcs-id=EDCS-44100173
HD082291,devsample,https://edh.ub.uni-heidelberg.de/edh/inschrift/HD082291,https://www.trismegistos.org/text/428718,
HD033484,devsample,https://edh.ub.uni-heidelberg.de/edh/inschrift/HD033484,https://www.trismegistos.org/text/249507,https://edcs.hist.uzh.ch/en/document?edcs-id=EDCS-21300077
HD076055,devsample,https://edh.ub.uni-heidelberg.de/edh/inschrift/HD076055,https://www.trismegistos.org/text/415392,
HD000782,devsample,https://edh.ub.uni-heidelberg.de/edh/inschrift/HD000782,https://www.trismegistos.org/text/286451,https://edcs.hist.uzh.ch/en/document?edcs-id=EDCS-08500232
HD081811,devsample,https://edh.ub.uni-heidelberg.de/edh/inschrift/HD081811,https://www.trismegistos.org/text/424757,
HD062955,devsample,https://edh.ub.uni-heidelberg.de/edh/inschrift/HD062955,https://www.trismegistos.org/text/187673,https://edcs.hist.uzh.ch/en/document?edcs-id=EDCS-30000176
HD063481,devsample,https://edh.ub.uni-heidelberg.de/edh/inschrift/HD063481,https://www.trismegistos.org/text/188199,https://edcs.hist.uzh.ch/en/document?edcs-id=EDCS-31900090
HD024455,devsample,https://edh.ub.uni-heidelberg.de/edh/inschrift/HD024455,https://www.trismegistos.org/text/231775,https://edcs.hist.uzh.ch/en/document?edcs-id=EDCS-09100164
HD057010,devsample,https://edh.ub.uni-heidelberg.de/edh/inschrift/HD057010,https://www.trismegistos.org/text/185097,https://edcs.hist.uzh.ch/en/document?edcs-id=EDCS-27900100
HD078876,devsample,https://edh.ub.uni-heidelberg.de/edh/inschrift/HD078876,,
HD001866,devsample,https://edh.ub.uni-heidelberg.de/edh/inschrift/HD001866,https://www.trismegistos.org/text/203295,https://edcs.hist.uzh.ch/en/document?edcs-id=EDCS-08400563
HD029698,devsample,https://edh.ub.uni-heidelberg.de/edh/inschrift/HD029698,https://www.trismegistos.org/text/222200,https://edcs.hist.uzh.ch/en/document?edcs-id=EDCS-08700419
HD051475,devsample,https://edh.ub.uni-heidelberg.de/edh/inschrift/HD051475,https://www.trismegistos.org/text/192432,https://edcs.hist.uzh.ch/en/document?edcs-id=EDCS-16200564
HD076248,devsample,https://edh.ub.uni-heidelberg.de/edh/inschrift/HD076248,,
HD037746,devsample,https://edh.ub.uni-heidelberg.de/edh/inschrift/HD037746,https://www.trismegistos.org/text/196383,https://edcs.hist.uzh.ch/en/document?edcs-id=EDCS-27900128
HD039410,devsample,https://edh.ub.uni-heidelberg.de/edh/inschrift/HD039410,https://www.trismegistos.org/text/196829,https://edcs.hist.uzh.ch/en/document?edcs-id=EDCS-29000367
HD012618,devsample,https://edh.ub.uni-heidelberg.de/edh/inschrift/HD012618,https://www.trismegistos.org/text/190890,https://edcs.hist.uzh.ch/en/document?edcs-id=EDCS-13302622
HD009313,devsample,https://edh.ub.uni-heidelberg.de/edh/inschrift/HD009313,https://www.trismegistos.org/text/236508,https://edcs.hist.uzh.ch/en/document?edcs-id=EDCS-11700967
HD078524,devsample,https://edh.ub.uni-heidelberg.de/edh/inschrift/HD078524,https://www.trismegistos.org/text/448651,
HD011518,devsample,https://edh.ub.uni-heidelberg.de/edh/inschrift/HD011518,https://www.trismegistos.org/text/195737,https://edcs.hist.uzh.ch/en/document?edcs-id=EDCS-09900225
HD053208,devsample,https://edh.ub.uni-heidelberg.de/edh/inschrift/HD053208,https://www.trismegistos.org/text/184386,https://edcs.hist.uzh.ch/en/document?edcs-id=EDCS-27400577
HD067903,devsample,https://edh.ub.uni-heidelberg.de/edh/inschrift/HD067903,https://www.trismegistos.org/text/660496,https://edcs.hist.uzh.ch/en/document?edcs-id=EDCS-65100038
HD081115,devsample,https://edh.ub.uni-heidelberg.de/edh/inschrift/HD081115,https://www.trismegistos.org/text/421286,
HD079072,devsample,https://edh.ub.uni-heidelberg.de/edh/inschrift/HD079072,https://www.trismegistos.org/text/705762,https://edcs.hist.uzh.ch/en/document?edcs-id=EDCS-71100018
HD045795,devsample,https://edh.ub.uni-heidelberg.de/edh/inschrift/HD045795,https://www.trismegistos.org/text/180697,https://edcs.hist.uzh.ch/en/document?edcs-id=EDCS-28400540
HD058407,devsample,https://edh.ub.uni-heidelberg.de/edh/inschrift/HD058407,https://www.trismegistos.org/text/185656,https://edcs.hist.uzh.ch/en/document?edcs-id=EDCS-47800511
HD063856,devsample,https://edh.ub.uni-heidelberg.de/edh/inschrift/HD063856,https://www.trismegistos.org/text/188486,https://edcs.hist.uzh.ch/en/document?edcs-id=EDCS-31900079
HD061956,devsample,https://edh.ub.uni-heidelberg.de/edh/inschrift/HD061956,https://www.trismegistos.org/text/186924,https://edcs.hist.uzh.ch/en/document?edcs-id=EDCS-30100430
HD074521,devsample,https://edh.ub.uni-heidelberg.de/edh/inschrift/HD074521,,
HD000883,devsample,https://edh.ub.uni-heidelberg.de/edh/inschrift/HD000883,https://www.trismegistos.org/text/178310,https://edcs.hist.uzh.ch/en/document?edcs-id=EDCS-08500585
HD024807,devsample,https://edh.ub.uni-heidelberg.de/edh/inschrift/HD024807,https://www.trismegistos.org/text/196072,https://edcs.hist.uzh.ch/en/document?edcs-id=EDCS-05200560
HD076883,devsample,https://edh.ub.uni-heidelberg.de/edh/inschrift/HD076883,https://www.trismegistos.org/text/463314,
HD041190,devsample,https://edh.ub.uni-heidelberg.de/edh/inschrift/HD041190,https://www.trismegistos.org/text/206813,https://edcs.hist.uzh.ch/en/document?edcs-id=EDCS-09801526
HD041491,devsample,https://edh.ub.uni-heidelberg.de/edh/inschrift/HD041491,https://www.trismegistos.org/text/207050,https://edcs.hist.uzh.ch/en/document?edcs-id=EDCS-09801748
HD071699,devsample,https://edh.ub.uni-heidelberg.de/edh/inschrift/HD071699,https://www.trismegistos.org/text/404371,https://edcs.hist.uzh.ch/en/document?edcs-id=EDCS-28600427
HD041594,devsample,https://edh.ub.uni-heidelberg.de/edh/inschrift/HD041594,https://www.trismegistos.org/text/207128,https://edcs.hist.uzh.ch/en/document?edcs-id=EDCS-09801823
HD008127,devsample,https://edh.ub.uni-heidelberg.de/edh/inschrift/HD008127,https://www.trismegistos.org/text/175906,https://edcs.hist.uzh.ch/en/document?edcs-id=EDCS-07600445
HD065031,devsample,https://edh.ub.uni-heidelberg.de/edh/inschrift/HD065031,https://www.trismegistos.org/text/189235,https://edcs.hist.uzh.ch/en/document?edcs-id=EDCS-51400002
HD068466,devsample,https://edh.ub.uni-heidelberg.de/edh/inschrift/HD068466,https://www.trismegistos.org/text/410652,https://edcs.hist.uzh.ch/en/document?edcs-id=EDCS-10001121
HD071733,devsample,https://edh.ub.uni-heidelberg.de/edh/inschrift/HD071733,https://www.trismegistos.org/text/426150,https://edcs.hist.uzh.ch/en/document?edcs-id=EDCS-12700231
HD009371,devsample,https://edh.ub.uni-heidelberg.de/edh/inschrift/HD009371,https://www.trismegistos.org/text/178494,https://edcs.hist.uzh.ch/en/document?edcs-id=EDCS-07000838
HD045514,devsample,https://edh.ub.uni-heidelberg.de/edh/inschrift/HD045514,https://www.trismegistos.org/text/180546,https://edcs.hist.uzh.ch/en/document?edcs-id=EDCS-26600821
HD056337,devsample,https://edh.ub.uni-heidelberg.de/edh/inschrift/HD056337,https://www.trismegistos.org/text/184959,https://edcs.hist.uzh.ch/en/document?edcs-id=EDCS-31400319
HD021936,devsample,https://edh.ub.uni-heidelberg.de/edh/inschrift/HD021936,https://www.trismegistos.org/text/231269,https://edcs.hist.uzh.ch/en/document?edcs-id=EDCS-09100026
HD040205,devsample,https://edh.ub.uni-heidelberg.de/edh/inschrift/HD040205,https://www.trismegistos.org/text/206187,https://edcs.hist.uzh.ch/en/document?edcs-id=EDCS-09800958
HD045701,devsample,https://edh.ub.uni-heidelberg.de/edh/inschrift/HD045701,https://www.trismegistos.org/text/180627,https://edcs.hist.uzh.ch/en/document?edcs-id=EDCS-11300318
HD080739,devsample,https://edh.ub.uni-heidelberg.de/edh/inschrift/HD080739,https://www.trismegistos.org/text/424438,
HD029611,devsample,https://edh.ub.uni-heidelberg.de/edh/inschrift/HD029611,https://www.trismegistos.org/text/222134,https://edcs.hist.uzh.ch/en/document?edcs-id=EDCS-08700320
HD002854,devsample,https://edh.ub.uni-heidelberg.de/edh/inschrift/HD002854,https://www.trismegistos.org/text/282570,https://edcs.hist.uzh.ch/en/document?edcs-id=EDCS-08400194
HD029566,devsample,https://edh.ub.uni-heidelberg.de/edh/inschrift/HD029566,https://www.trismegistos.org/text/222116,https://edcs.hist.uzh.ch/en/document?edcs-id=EDCS-08700301
HD067259,devsample,https://edh.ub.uni-heidelberg.de/edh/inschrift/HD067259,https://www.trismegistos.org/text/402673,https://edcs.hist.uzh.ch/en/document?edcs-id=EDCS-14500857
HD042045,devsample,https://edh.ub.uni-heidelberg.de/edh/inschrift/HD042045,https://www.trismegistos.org/text/191408,https://edcs.hist.uzh.ch/en/document?edcs-id=EDCS-34100060
HD008585,devsample,https://edh.ub.uni-heidelberg.de/edh/inschrift/HD008585,https://www.trismegistos.org/text/175553,https://edcs.hist.uzh.ch/en/document?edcs-id=EDCS-09001415
HD035766,devsample,https://edh.ub.uni-heidelberg.de/edh/inschrift/HD035766,https://www.trismegistos.org/text/214966,https://edcs.hist.uzh.ch/en/document?edcs-id=EDCS-14400360
HD001809,devsample,https://edh.ub.uni-heidelberg.de/edh/inschrift/HD001809,https://www.trismegistos.org/text/214576,https://edcs.hist.uzh.ch/en/document?edcs-id=EDCS-14400172
HD023114,devsample,https://edh.ub.uni-heidelberg.de/edh/inschrift/HD023114,https://www.trismegistos.org/text/182048,https://edcs.hist.uzh.ch/en/document?edcs-id=EDCS-10100944
HD081043,devsample,https://edh.ub.uni-heidelberg.de/edh/inschrift/HD081043,https://www.trismegistos.org/text/428695,
HD034203,devsample,https://edh.ub.uni-heidelberg.de/edh/inschrift/HD034203,https://www.trismegistos.org/text/182796,https://edcs.hist.uzh.ch/en/document?edcs-id=EDCS-10000769
HD081899,devsample,https://edh.ub.uni-heidelberg.de/edh/inschrift/HD081899,https://www.trismegistos.org/text/424729,
HD026042,devsample,https://edh.ub.uni-heidelberg.de/edh/inschrift/HD026042,https://www.trismegistos.org/text/232804,https://edcs.hist.uzh.ch/en/document?edcs-id=EDCS-09100543
HD044897,devsample,https://edh.ub.uni-heidelberg.de/edh/inschrift/HD044897,https://www.trismegistos.org/text/180344,https://edcs.hist.uzh.ch/en/document?edcs-id=EDCS-11300181
HD058186,devsample,https://edh.ub.uni-heidelberg.de/edh/inschrift/HD058186,https://www.trismegistos.org/text/216969,https://edcs.hist.uzh.ch/en/document?edcs-id=EDCS-31100193
HD037342,devsample,https://edh.ub.uni-heidelberg.de/edh/inschrift/HD037342,https://www.trismegistos.org/text/194936,https://edcs.hist.uzh.ch/en/document?edcs-id=EDCS-09900643
HD056623,devsample,https://edh.ub.uni-heidelberg.de/edh/inschrift/HD056623,https://www.trismegistos.org/text/236520,https://edcs.hist.uzh.ch/en/document?edcs-id=EDCS-11700981
HD078109,devsample,https://edh.ub.uni-heidelberg.de/edh/inschrift/HD078109,,
HD006493,devsample,https://edh.ub.uni-heidelberg.de/edh/inschrift/HD006493,https://www.trismegistos.org/text/265816,https://edcs.hist.uzh.ch/en/document?edcs-id=EDCS-22900234
HD026784,devsample,https://edh.ub.uni-heidelberg.de/edh/inschrift/HD026784,https://www.trismegistos.org/text/191260,https://edcs.hist.uzh.ch/en/document?edcs-id=EDCS-29100223
HD000212,devsample,https://edh.ub.uni-heidelberg.de/edh/inschrift/HD000212,https://www.trismegistos.org/text/251156,https://edcs.hist.uzh.ch/en/document?edcs-id=EDCS-08500087
HD056467,devsample,https://edh.ub.uni-heidelberg.de/edh/inschrift/HD056467,https://www.trismegistos.org/text/212140,https://edcs.hist.uzh.ch/en/document?edcs-id=EDCS-11001153
HD000243,devsample,https://edh.ub.uni-heidelberg.de/edh/inschrift/HD000243,https://www.trismegistos.org/text/213159,https://edcs.hist.uzh.ch/en/document?edcs-id=EDCS-08500448
HD033822,devsample,https://edh.ub.uni-heidelberg.de/edh/inschrift/HD033822,https://www.trismegistos.org/text/182423,https://edcs.hist.uzh.ch/en/document?edcs-id=EDCS-10100552
HD064186,devsample,https://edh.ub.uni-heidelberg.de/edh/inschrift/HD064186,https://www.trismegistos.org/text/213151,https://edcs.hist.uzh.ch/en/document?edcs-id=EDCS-09200747
HD041493,devsample,https://edh.ub.uni-heidelberg.de/edh/inschrift/HD041493,https://www.trismegistos.org/text/207052,https://edcs.hist.uzh.ch/en/document?edcs-id=EDCS-09801751
HD081083,devsample,https://edh.ub.uni-heidelberg.de/edh/inschrift/HD081083,https://www.trismegistos.org/text/424522,
HD076481,devsample,https://edh.ub.uni-heidelberg.de/edh/inschrift/HD076481,https://www.trismegistos.org/text/419293,
HD043217,devsample,https://edh.ub.uni-heidelberg.de/edh/inschrift/HD043217,https://www.trismegistos.org/text/192129,https://edcs.hist.uzh.ch/en/document?edcs-id=EDCS-27800482
HD063287,devsample,https://edh.ub.uni-heidelberg.de/edh/inschrift/HD063287,https://www.trismegistos.org/text/188005,https://edcs.hist.uzh.ch/en/document?edcs-id=EDCS-29500221
HD063772,devsample,https://edh.ub.uni-heidelberg.de/edh/inschrift/HD063772,https://www.trismegistos.org/text/217374,https://edcs.hist.uzh.ch/en/document?edcs-id=EDCS-32300383
HD057455,devsample,https://edh.ub.uni-heidelberg.de/edh/inschrift/HD057455,https://www.trismegistos.org/text/185197,https://edcs.hist.uzh.ch/en/document?edcs-id=EDCS-47800178
HD038938,devsample,https://edh.ub.uni-heidelberg.de/edh/inschrift/HD038938,https://www.trismegistos.org/text/179693,https://edcs.hist.uzh.ch/en/document?edcs-id=EDCS-15900515
HD073879,devsample,https://edh.ub.uni-heidelberg.de/edh/inschrift/HD073879,,
HD057591,devsample,https://edh.ub.uni-heidelberg.de/edh/inschrift/HD057591,https://www.trismegistos.org/text/216233,https://edcs.hist.uzh.ch/en/document?edcs-id=EDCS-14500287
HD033262,devsample,https://edh.ub.uni-heidelberg.de/edh/inschrift/HD033262,https://www.trismegistos.org/text/182344,https://edcs.hist.uzh.ch/en/document?edcs-id=EDCS-10000307
HD024735,devsample,https://edh.ub.uni-heidelberg.de/edh/inschrift/HD024735,https://www.trismegistos.org/text/214837,https://edcs.hist.uzh.ch/en/document?edcs-id=EDCS-05200540
HD002290,devsample,https://edh.ub.uni-heidelberg.de/edh/inschrift/HD002290,https://www.trismegistos.org/text/197485,https://edcs.hist.uzh.ch/en/document?edcs-id=EDCS-08400510
HD040574,devsample,https://edh.ub.uni-heidelberg.de/edh/inschrift/HD040574,https://www.trismegistos.org/text/197102,https://edcs.hist.uzh.ch/en/document?edcs-id=EDCS-30100732
HD002285,devsample,https://edh.ub.uni-heidelberg.de/edh/inschrift/HD002285,https://www.trismegistos.org/text/265845,https://edcs.hist.uzh.ch/en/document?edcs-id=EDCS-08300044
HD063255,devsample,https://edh.ub.uni-heidelberg.de/edh/inschrift/HD063255,https://www.trismegistos.org/text/187973,https://edcs.hist.uzh.ch/en/document?edcs-id=EDCS-29500240
HD060257,devsample,https://edh.ub.uni-heidelberg.de/edh/inschrift/HD060257,https://www.trismegistos.org/text/185977,https://edcs.hist.uzh.ch/en/document?edcs-id=EDCS-56900085
HD064491,devsample,https://edh.ub.uni-heidelberg.de/edh/inschrift/HD064491,https://www.trismegistos.org/text/188899,https://edcs.hist.uzh.ch/en/document?edcs-id=EDCS-47800408
HD078001,devsample,https://edh.ub.uni-heidelberg.de/edh/inschrift/HD078001,,
HD081974,devsample,https://edh.ub.uni-heidelberg.de/edh/inschrift/HD081974,https://www.trismegistos.org/text/424714,
HD034774,devsample,https://edh.ub.uni-heidelberg.de/edh/inschrift/HD034774,https://www.trismegistos.org/text/183347,https://edcs.hist.uzh.ch/en/document?edcs-id=EDCS-29601540
HD059697,devsample,https://edh.ub.uni-heidelberg.de/edh/inschrift/HD059697,https://www.trismegistos.org/text/203017,https://edcs.hist.uzh.ch/en/document?edcs-id=EDCS-06000857
HD029871,devsample,https://edh.ub.uni-heidelberg.de/edh/inschrift/HD029871,https://www.trismegistos.org/text/194491,https://edcs.hist.uzh.ch/en/document?edcs-id=EDCS-09900611
HD015571,devsample,https://edh.ub.uni-heidelberg.de/edh/inschrift/HD015571,https://www.trismegistos.org/text/217433,https://edcs.hist.uzh.ch/en/document?edcs-id=EDCS-12800140
HD068844,devsample,https://edh.ub.uni-heidelberg.de/edh/inschrift/HD068844,https://www.trismegistos.org/text/168377,https://edcs.hist.uzh.ch/en/document?edcs-id=EDCS-55701743
HD016633,devsample,https://edh.ub.uni-heidelberg.de/edh/inschrift/HD016633,https://www.trismegistos.org/text/194263,https://edcs.hist.uzh.ch/en/document?edcs-id=EDCS-13400042
HD069484,devsample,https://edh.ub.uni-heidelberg.de/edh/inschrift/HD069484,https://www.trismegistos.org/text/154662,https://edcs.hist.uzh.ch/en/document?edcs-id=EDCS-07800411
HD064435,devsample,https://edh.ub.uni-heidelberg.de/edh/inschrift/HD064435,https://www.trismegistos.org/text/188849,https://edcs.hist.uzh.ch/en/document?edcs-id=EDCS-47800500
HD066881,devsample,https://edh.ub.uni-heidelberg.de/edh/inschrift/HD066881,https://www.trismegistos.org/text/495295,https://edcs.hist.uzh.ch/en/document?edcs-id=EDCS-51500009
HD018979,devsample,https://edh.ub.uni-heidelberg.de/edh/inschrift/HD018979,https://www.trismegistos.org/text/178901,https://edcs.hist.uzh.ch/en/document?edcs-id=EDCS-26600986
HD069029,devsample,https://edh.ub.uni-heidelberg.de/edh/inschrift/HD069029,https://www.trismegistos.org/text/407239,https://edcs.hist.uzh.ch/en/document?edcs-id=EDCS-11301065
HD001420,devsample,https://edh.ub.uni-heidelberg.de/edh/inschrift/HD001420,https://www.trismegistos.org/text/265559,https://edcs.hist.uzh.ch/en/document?edcs-id=EDCS-08600053
HD038816,devsample,https://edh.ub.uni-heidelberg.de/edh/inschrift/HD038816,https://www.trismegistos.org/text/215189,https://edcs.hist.uzh.ch/en/document?edcs-id=EDCS-14500374
HD007682,devsample,https://edh.ub.uni-heidelberg.de/edh/inschrift/HD007682,https://www.trismegistos.org/text/266236,https://edcs.hist.uzh.ch/en/document?edcs-id=EDCS-07000102
HD026986,devsample,https://edh.ub.uni-heidelberg.de/edh/inschrift/HD026986,https://www.trismegistos.org/text/192810,https://edcs.hist.uzh.ch/en/document?edcs-id=EDCS-11201453
HD060651,devsample,https://edh.ub.uni-heidelberg.de/edh/inschrift/HD060651,https://www.trismegistos.org/text/186101,https://edcs.hist.uzh.ch/en/document?edcs-id=EDCS-32700479
HD060911,devsample,https://edh.ub.uni-heidelberg.de/edh/inschrift/HD060911,https://www.trismegistos.org/text/186218,https://edcs.hist.uzh.ch/en/document?edcs-id=EDCS-31400681
HD065783,devsample,https://edh.ub.uni-heidelberg.de/edh/inschrift/HD065783,https://www.trismegistos.org/text/403678,https://edcs.hist.uzh.ch/en/document?edcs-id=EDCS-14400402
HD035733,devsample,https://edh.ub.uni-heidelberg.de/edh/inschrift/HD035733,https://www.trismegistos.org/text/193294,https://edcs.hist.uzh.ch/en/document?edcs-id=EDCS-11301571
HD065375,devsample,https://edh.ub.uni-heidelberg.de/edh/inschrift/HD065375,https://www.trismegistos.org/text/216527,https://edcs.hist.uzh.ch/en/document?edcs-id=EDCS-14600336
HD041569,devsample,https://edh.ub.uni-heidelberg.de/edh/inschrift/HD041569,https://www.trismegistos.org/text/207107,https://edcs.hist.uzh.ch/en/document?edcs-id=EDCS-09801802
HD000681,devsample,https://edh.ub.uni-heidelberg.de/edh/inschrift/HD000681,https://www.trismegistos.org/text/203284,https://edcs.hist.uzh.ch/en/document?edcs-id=EDCS-12700167
HD033277,devsample,https://edh.ub.uni-heidelberg.de/edh/inschrift/HD033277,https://www.trismegistos.org/text/182349,https://edcs.hist.uzh.ch/en/document?edcs-id=EDCS-10000314
HD032066,devsample,https://edh.ub.uni-heidelberg.de/edh/inschrift/HD032066,https://www.trismegistos.org/text/223268,https://edcs.hist.uzh.ch/en/document?edcs-id=EDCS-08701326
HD030221,devsample,https://edh.ub.uni-heidelberg.de/edh/inschrift/HD030221,https://www.trismegistos.org/text/222377,https://edcs.hist.uzh.ch/en/document?edcs-id=EDCS-08700598
HD060899,devsample,https://edh.ub.uni-heidelberg.de/edh/inschrift/HD060899,https://www.trismegistos.org/text/186206,https://edcs.hist.uzh.ch/en/document?edcs-id=EDCS-28701306
HD031865,devsample,https://edh.ub.uni-heidelberg.de/edh/inschrift/HD031865,https://www.trismegistos.org/text/223179,https://edcs.hist.uzh.ch/en/document?edcs-id=EDCS-08701236
HD010358,devsample,https://edh.ub.uni-heidelberg.de/edh/inschrift/HD010358,https://www.trismegistos.org/text/264535,https://edcs.hist.uzh.ch/en/document?edcs-id=EDCS-01000430
HD032261,devsample,https://edh.ub.uni-heidelberg.de/edh/inschrift/HD032261,https://www.trismegistos.org/text/223346,https://edcs.hist.uzh.ch/en/document?edcs-id=EDCS-08701407
HD066720,devsample,https://edh.ub.uni-heidelberg.de/edh/inschrift/HD066720,https://www.trismegistos.org/text/494853,https://edcs.hist.uzh.ch/en/document?edcs-id=EDCS-55600025
HD048582,devsample,https://edh.ub.uni-heidelberg.de/edh/inschrift/HD048582,https://www.trismegistos.org/text/195280,https://edcs.hist.uzh.ch/en/document?edcs-id=EDCS-26600595
HD039030,devsample,https://edh.ub.uni-heidelberg.de/edh/inschrift/HD039030,https://www.trismegistos.org/text/196687,https://edcs.hist.uzh.ch/en/document?edcs-id=EDCS-29000452
HD032125,devsample,https://edh.ub.uni-heidelberg.de/edh/inschrift/HD032125,https://www.trismegistos.org/text/196167,https://edcs.hist.uzh.ch/en/document?edcs-id=EDCS-17800021
HD057616,devsample,https://edh.ub.uni-heidelberg.de/edh/inschrift/HD057616,https://www.trismegistos.org/text/216246,https://edcs.hist.uzh.ch/en/document?edcs-id=EDCS-14500272
HD034885,devsample,https://edh.ub.uni-heidelberg.de/edh/inschrift/HD034885,https://www.trismegistos.org/text/183408,https://edcs.hist.uzh.ch/en/document?edcs-id=EDCS-47800523
HD052237,devsample,https://edh.ub.uni-heidelberg.de/edh/inschrift/HD052237,https://www.trismegistos.org/text/184262,https://edcs.hist.uzh.ch/en/document?edcs-id=EDCS-31400201
HD034975,devsample,https://edh.ub.uni-heidelberg.de/edh/inschrift/HD034975,https://www.trismegistos.org/text/194772,https://edcs.hist.uzh.ch/en/document?edcs-id=EDCS-10102076
HD006778,devsample,https://edh.ub.uni-heidelberg.de/edh/inschrift/HD006778,https://www.trismegistos.org/text/264768,https://edcs.hist.uzh.ch/en/document?edcs-id=EDCS-09400065
HD034048,devsample,https://edh.ub.uni-heidelberg.de/edh/inschrift/HD034048,https://www.trismegistos.org/text/182642,https://edcs.hist.uzh.ch/en/document?edcs-id=EDCS-10100737
HD071724,devsample,https://edh.ub.uni-heidelberg.de/edh/inschrift/HD071724,https://www.trismegistos.org/text/669686,https://edcs.hist.uzh.ch/en/document?edcs-id=EDCS-59600038
HD019994,devsample,https://edh.ub.uni-heidelberg.de/edh/inschrift/HD019994,https://www.trismegistos.org/text/210134,https://edcs.hist.uzh.ch/en/document?edcs-id=EDCS-12700344
HD063799,devsample,https://edh.ub.uni-heidelberg.de/edh/inschrift/HD063799,https://www.trismegistos.org/text/188431,https://edcs.hist.uzh.ch/en/document?edcs-id=EDCS-29200297
HD074835,devsample,https://edh.ub.uni-heidelberg.de/edh/inschrift/HD074835,,
HD010878,devsample,https://edh.ub.uni-heidelberg.de/edh/inschrift/HD010878,https://www.trismegistos.org/text/247742,https://edcs.hist.uzh.ch/en/document?edcs-id=EDCS-13302514
HD038609,devsample,https://edh.ub.uni-heidelberg.de/edh/inschrift/HD038609,https://www.trismegistos.org/text/215107,https://edcs.hist.uzh.ch/en/document?edcs-id=EDCS-14500797
HD065664,devsample,https://edh.ub.uni-heidelberg.de/edh/inschrift/HD065664,https://www.trismegistos.org/text/494942,https://edcs.hist.uzh.ch/en/document?edcs-id=EDCS-08400728
HD037764,devsample,https://edh.ub.uni-heidelberg.de/edh/inschrift/HD037764,https://www.trismegistos.org/text/196398,https://edcs.hist.uzh.ch/en/document?edcs-id=EDCS-27900141
HD080733,devsample,https://edh.ub.uni-heidelberg.de/edh/inschrift/HD080733,https://www.trismegistos.org/text/424435,
HD034787,devsample,https://edh.ub.uni-heidelberg.de/edh/inschrift/HD034787,https://www.trismegistos.org/text/183360,https://edcs.hist.uzh.ch/en/document?edcs-id=EDCS-29600219
HD081328,devsample,https://edh.ub.uni-heidelberg.de/edh/inschrift/HD081328,https://www.trismegistos.org/text/424487,
HD004611,devsample,https://edh.ub.uni-heidelberg.de/edh/inschrift/HD004611,https://www.trismegistos.org/text/264866,
HD063365,devsample,https://edh.ub.uni-heidelberg.de/edh/inschrift/HD063365,https://www.trismegistos.org/text/188083,https://edcs.hist.uzh.ch/en/document?edcs-id=EDCS-48000073
HD030983,devsample,https://edh.ub.uni-heidelberg.de/edh/inschrift/HD030983,https://www.trismegistos.org/text/222764,https://edcs.hist.uzh.ch/en/document?edcs-id=EDCS-08700786
HD076894,devsample,https://edh.ub.uni-heidelberg.de/edh/inschrift/HD076894,https://www.trismegistos.org/text/463317,
HD065013,devsample,https://edh.ub.uni-heidelberg.de/edh/inschrift/HD065013,https://www.trismegistos.org/text/189217,https://edcs.hist.uzh.ch/en/document?edcs-id=EDCS-51400014
HD006078,devsample,https://edh.ub.uni-heidelberg.de/edh/inschrift/HD006078,https://www.trismegistos.org/text/178420,https://edcs.hist.uzh.ch/en/document?edcs-id=EDCS-08900556
HD002934,devsample,https://edh.ub.uni-heidelberg.de/edh/inschrift/HD002934,https://www.trismegistos.org/text/239091,https://edcs.hist.uzh.ch/en/document?edcs-id=EDCS-15000049
HD026303,devsample,https://edh.ub.uni-heidelberg.de/edh/inschrift/HD026303,https://www.trismegistos.org/text/232899,https://edcs.hist.uzh.ch/en/document?edcs-id=EDCS-09100639
HD035054,devsample,https://edh.ub.uni-heidelberg.de/edh/inschrift/HD035054,https://www.trismegistos.org/text/183514,https://edcs.hist.uzh.ch/en/document?edcs-id=EDCS-10101638
HD038602,devsample,https://edh.ub.uni-heidelberg.de/edh/inschrift/HD038602,https://www.trismegistos.org/text/215102,https://edcs.hist.uzh.ch/en/document?edcs-id=EDCS-14500768
HD034046,devsample,https://edh.ub.uni-heidelberg.de/edh/inschrift/HD034046,https://www.trismegistos.org/text/182640,https://edcs.hist.uzh.ch/en/document?edcs-id=EDCS-10100735
HD064456,devsample,https://edh.ub.uni-heidelberg.de/edh/inschrift/HD064456,https://www.trismegistos.org/text/188868,https://edcs.hist.uzh.ch/en/document?edcs-id=EDCS-47800526
HD072488,devsample,https://edh.ub.uni-heidelberg.de/edh/inschrift/HD072488,https://www.trismegistos.org/text/700054,
HD004554,devsample,https://edh.ub.uni-heidelberg.de/edh/inschrift/HD004554,https://www.trismegistos.org/text/264843,https://edcs.hist.uzh.ch/en/document?edcs-id=EDCS-10900143
HD055951,devsample,https://edh.ub.uni-heidelberg.de/edh/inschrift/HD055951,https://www.trismegistos.org/text/184907,https://edcs.hist.uzh.ch/en/document?edcs-id=EDCS-31400222
HD034240,devsample,https://edh.ub.uni-heidelberg.de/edh/inschrift/HD034240,https://www.trismegistos.org/text/182833,https://edcs.hist.uzh.ch/en/document?edcs-id=EDCS-29601546
HD033801,devsample,https://edh.ub.uni-heidelberg.de/edh/inschrift/HD033801,https://www.trismegistos.org/text/193130,https://edcs.hist.uzh.ch/en/document?edcs-id=EDCS-10000562
HD001552,devsample,https://edh.ub.uni-heidelberg.de/edh/inschrift/HD001552,https://www.trismegistos.org/text/282442,https://edcs.hist.uzh.ch/en/document?edcs-id=EDCS-08600137
HD030194,devsample,https://edh.ub.uni-heidelberg.de/edh/inschrift/HD030194,https://www.trismegistos.org/text/222367,https://edcs.hist.uzh.ch/en/document?edcs-id=EDCS-08700587
HD010280,devsample,https://edh.ub.uni-heidelberg.de/edh/inschrift/HD010280,https://www.trismegistos.org/text/264509,https://edcs.hist.uzh.ch/en/document?edcs-id=EDCS-12200466
HD064800,devsample,https://edh.ub.uni-heidelberg.de/edh/inschrift/HD064800,https://www.trismegistos.org/text/189018,https://edcs.hist.uzh.ch/en/document?edcs-id=EDCS-47800565
HD020274,devsample,https://edh.ub.uni-heidelberg.de/edh/inschrift/HD020274,https://www.trismegistos.org/text/178971,https://edcs.hist.uzh.ch/en/document?edcs-id=EDCS-15500076
HD009479,devsample,https://edh.ub.uni-heidelberg.de/edh/inschrift/HD009479,https://www.trismegistos.org/text/190813,https://edcs.hist.uzh.ch/en/document?edcs-id=EDCS-11800273
HD013835,devsample,https://edh.ub.uni-heidelberg.de/edh/inschrift/HD013835,https://www.trismegistos.org/text/181893,https://edcs.hist.uzh.ch/en/document?edcs-id=EDCS-10101801
HD017255,devsample,https://edh.ub.uni-heidelberg.de/edh/inschrift/HD017255,https://www.trismegistos.org/text/285371,https://edcs.hist.uzh.ch/en/document?edcs-id=EDCS-10801670
HD016081,devsample,https://edh.ub.uni-heidelberg.de/edh/inschrift/HD016081,https://www.trismegistos.org/text/258933,https://edcs.hist.uzh.ch/en/document?edcs-id=EDCS-12800344
HD021097,devsample,https://edh.ub.uni-heidelberg.de/edh/inschrift/HD021097,https://www.trismegistos.org/text/182000,https://edcs.hist.uzh.ch/en/document?edcs-id=EDCS-10100942
HD063359,devsample,https://edh.ub.uni-heidelberg.de/edh/inschrift/HD063359,https://www.trismegistos.org/text/188077,https://edcs.hist.uzh.ch/en/document?edcs-id=EDCS-48000068
HD066318,devsample,https://edh.ub.uni-heidelberg.de/edh/inschrift/HD066318,https://www.trismegistos.org/text/494715,https://edcs.hist.uzh.ch/en/document?edcs-id=EDCS-08400625
HD041098,devsample,https://edh.ub.uni-heidelberg.de/edh/inschrift/HD041098,https://www.trismegistos.org/text/206758,https://edcs.hist.uzh.ch/en/document?edcs-id=EDCS-09801474
HD066037,devsample,https://edh.ub.uni-heidelberg.de/edh/inschrift/HD066037,https://www.trismegistos.org/text/494703,https://edcs.hist.uzh.ch/en/document?edcs-id=EDCS-08400611
HD071435,devsample,https://edh.ub.uni-heidelberg.de/edh/inschrift/HD071435,https://www.trismegistos.org/text/167739,https://edcs.hist.uzh.ch/en/document?edcs-id=EDCS-44600009
HD061993,devsample,https://edh.ub.uni-heidelberg.de/edh/inschrift/HD061993,https://www.trismegistos.org/text/186950,https://edcs.hist.uzh.ch/en/document?edcs-id=EDCS-28300066
HD034052,devsample,https://edh.ub.uni-heidelberg.de/edh/inschrift/HD034052,https://www.trismegistos.org/text/182646,https://edcs.hist.uzh.ch/en/document?edcs-id=EDCS-10100741
HD060776,devsample,https://edh.ub.uni-heidelberg.de/edh/inschrift/HD060776,https://www.trismegistos.org/text/186151,https://edcs.hist.uzh.ch/en/document?edcs-id=EDCS-32700424
HD064783,devsample,https://edh.ub.uni-heidelberg.de/edh/inschrift/HD064783,https://www.trismegistos.org/text/189001,https://edcs.hist.uzh.ch/en/document?edcs-id=EDCS-47800270
HD023267,devsample,https://edh.ub.uni-heidelberg.de/edh/inschrift/HD023267,https://www.trismegistos.org/text/210354,https://edcs.hist.uzh.ch/en/document?edcs-id=EDCS-11001140
HD071668,devsample,https://edh.ub.uni-heidelberg.de/edh/inschrift/HD071668,https://www.trismegistos.org/text/669749,https://edcs.hist.uzh.ch/en/document?edcs-id=EDCS-64100190
HD058371,devsample,https://edh.ub.uni-heidelberg.de/edh/inschrift/HD058371,https://www.trismegistos.org/text/217020,https://edcs.hist.uzh.ch/en/document?edcs-id=EDCS-10800656
HD064433,devsample,https://edh.ub.uni-heidelberg.de/edh/inschrift/HD064433,https://www.trismegistos.org/text/188847,https://edcs.hist.uzh.ch/en/document?edcs-id=EDCS-47800498
HD030236,devsample,https://edh.ub.uni-heidelberg.de/edh/inschrift/HD030236,https://www.trismegistos.org/text/222383,https://edcs.hist.uzh.ch/en/document?edcs-id=EDCS-08700604
HD038759,devsample,https://edh.ub.uni-heidelberg.de/edh/inschrift/HD038759,https://www.trismegistos.org/text/215178,https://edcs.hist.uzh.ch/en/document?edcs-id=EDCS-14500936
HD046117,devsample,https://edh.ub.uni-heidelberg.de/edh/inschrift/HD046117,https://www.trismegistos.org/text/180783,https://edcs.hist.uzh.ch/en/document?edcs-id=EDCS-26600981
HD041478,devsample,https://edh.ub.uni-heidelberg.de/edh/inschrift/HD041478,https://www.trismegistos.org/text/207038,https://edcs.hist.uzh.ch/en/document?edcs-id=EDCS-09801736
HD050473,devsample,https://edh.ub.uni-heidelberg.de/edh/inschrift/HD050473,https://www.trismegistos.org/text/121549,https://edcs.hist.uzh.ch/en/document?edcs-id=EDCS-24200069
HD031706,devsample,https://edh.ub.uni-heidelberg.de/edh/inschrift/HD031706,https://www.trismegistos.org/text/223122,https://edcs.hist.uzh.ch/en/document?edcs-id=EDCS-08701170
HD066709,devsample,https://edh.ub.uni-heidelberg.de/edh/inschrift/HD066709,https://www.trismegistos.org/text/494870,https://edcs.hist.uzh.ch/en/document?edcs-id=EDCS-10000074
HD036042,devsample,https://edh.ub.uni-heidelberg.de/edh/inschrift/HD036042,https://www.trismegistos.org/text/193484,https://edcs.hist.uzh.ch/en/document?edcs-id=EDCS-11201279
HD012698,devsample,https://edh.ub.uni-heidelberg.de/edh/inschrift/HD012698,https://www.trismegistos.org/text/178743,https://edcs.hist.uzh.ch/en/document?edcs-id=EDCS-07400630
HD073871,devsample,https://edh.ub.uni-heidelberg.de/edh/inschrift/HD073871,,
HD041001,devsample,https://edh.ub.uni-heidelberg.de/edh/inschrift/HD041001,https://www.trismegistos.org/text/206674,https://edcs.hist.uzh.ch/en/document?edcs-id=EDCS-09801398
HD000879,devsample,https://edh.ub.uni-heidelberg.de/edh/inschrift/HD000879,https://www.trismegistos.org/text/203292,https://edcs.hist.uzh.ch/en/document?edcs-id=EDCS-25601107
HD007145,devsample,https://edh.ub.uni-heidelberg.de/edh/inschrift/HD007145,https://www.trismegistos.org/text/232747,https://edcs.hist.uzh.ch/en/document?edcs-id=EDCS-09100486
HD057253,devsample,https://edh.ub.uni-heidelberg.de/edh/inschrift/HD057253,https://www.trismegistos.org/text/185139,https://edcs.hist.uzh.ch/en/document?edcs-id=EDCS-47800739
HD053695,devsample,https://edh.ub.uni-heidelberg.de/edh/inschrift/HD053695,https://www.trismegistos.org/text/184545,https://edcs.hist.uzh.ch/en/document?edcs-id=EDCS-27500012
HD045785,devsample,https://edh.ub.uni-heidelberg.de/edh/inschrift/HD045785,https://www.trismegistos.org/text/180689,https://edcs.hist.uzh.ch/en/document?edcs-id=EDCS-16100900
HD036116,devsample,https://edh.ub.uni-heidelberg.de/edh/inschrift/HD036116,https://www.trismegistos.org/text/193559,https://edcs.hist.uzh.ch/en/document?edcs-id=EDCS-11201628
HD004572,devsample,https://edh.ub.uni-heidelberg.de/edh/inschrift/HD004572,https://www.trismegistos.org/text/264853,
HD064334,devsample,https://edh.ub.uni-heidelberg.de/edh/inschrift/HD064334,https://www.trismegistos.org/text/188789,https://edcs.hist.uzh.ch/en/document?edcs-id=EDCS-47800724
HD080562,devsample,https://edh.ub.uni-heidelberg.de/edh/inschrift/HD080562,https://www.trismegistos.org/text/424363,
HD027058,devsample,https://edh.ub.uni-heidelberg.de/edh/inschrift/HD027058,https://www.trismegistos.org/text/182125,https://edcs.hist.uzh.ch/en/document?edcs-id=EDCS-10100769
HD082124,devsample,https://edh.ub.uni-heidelberg.de/edh/inschrift/HD082124,https://www.trismegistos.org/text/424878,
HD059188,devsample,https://edh.ub.uni-heidelberg.de/edh/inschrift/HD059188,https://www.trismegistos.org/text/202514,https://edcs.hist.uzh.ch/en/document?edcs-id=EDCS-06000221
HD040617,devsample,https://edh.ub.uni-heidelberg.de/edh/inschrift/HD040617,https://www.trismegistos.org/text/206382,https://edcs.hist.uzh.ch/en/document?edcs-id=EDCS-09801145
HD018127,devsample,https://edh.ub.uni-heidelberg.de/edh/inschrift/HD018127,https://www.trismegistos.org/text/208229,https://edcs.hist.uzh.ch/en/document?edcs-id=EDCS-11800685
HD042344,devsample,https://edh.ub.uni-heidelberg.de/edh/inschrift/HD042344,https://www.trismegistos.org/text/191530,https://edcs.hist.uzh.ch/en/document?edcs-id=EDCS-11301281
HD057940,devsample,https://edh.ub.uni-heidelberg.de/edh/inschrift/HD057940,https://www.trismegistos.org/text/185381,https://edcs.hist.uzh.ch/en/document?edcs-id=EDCS-31400369
HD064443,devsample,https://edh.ub.uni-heidelberg.de/edh/inschrift/HD064443,https://www.trismegistos.org/text/188855,https://edcs.hist.uzh.ch/en/document?edcs-id=EDCS-47800507
HD000742,devsample,https://edh.ub.uni-heidelberg.de/edh/inschrift/HD000742,https://www.trismegistos.org/text/178285,https://edcs.hist.uzh.ch/en/document?edcs-id=EDCS-09700298
HD023308,devsample,https://edh.ub.uni-heidelberg.de/edh/inschrift/HD023308,https://www.trismegistos.org/text/209270,https://edcs.hist.uzh.ch/en/document?edcs-id=EDCS-11202359
HD039976,devsample,https://edh.ub.uni-heidelberg.de/edh/inschrift/HD039976,https://www.trismegistos.org/text/183992,https://edcs.hist.uzh.ch/en/document?edcs-id=EDCS-03000746
HD040567,devsample,https://edh.ub.uni-heidelberg.de/edh/inschrift/HD040567,https://www.trismegistos.org/text/197098,https://edcs.hist.uzh.ch/en/document?edcs-id=EDCS-26600301
HD059192,devsample,https://edh.ub.uni-heidelberg.de/edh/inschrift/HD059192,https://www.trismegistos.org/text/202518,https://edcs.hist.uzh.ch/en/document?edcs-id=EDCS-06000226
HD005614,devsample,https://edh.ub.uni-heidelberg.de/edh/inschrift/HD005614,https://www.trismegistos.org/text/207474,https://edcs.hist.uzh.ch/en/document?edcs-id=EDCS-09001476
HD061483,devsample,https://edh.ub.uni-heidelberg.de/edh/inschrift/HD061483,https://www.trismegistos.org/text/186557,https://edcs.hist.uzh.ch/en/document?edcs-id=EDCS-30301416
HD073436,devsample,https://edh.ub.uni-heidelberg.de/edh/inschrift/HD073436,,
HD009667,devsample,https://edh.ub.uni-heidelberg.de/edh/inschrift/HD009667,https://www.trismegistos.org/text/217413,https://edcs.hist.uzh.ch/en/document?edcs-id=EDCS-09700294
HD062908,devsample,https://edh.ub.uni-heidelberg.de/edh/inschrift/HD062908,https://www.trismegistos.org/text/187626,https://edcs.hist.uzh.ch/en/document?edcs-id=EDCS-27700066
HD053951,devsample,https://edh.ub.uni-heidelberg.de/edh/inschrift/HD053951,https://www.trismegistos.org/text/184625,https://edcs.hist.uzh.ch/en/document?edcs-id=EDCS-57200017
HD018102,devsample,https://edh.ub.uni-heidelberg.de/edh/inschrift/HD018102,https://www.trismegistos.org/text/210048,https://edcs.hist.uzh.ch/en/document?edcs-id=EDCS-13303295
HD074535,devsample,https://edh.ub.uni-heidelberg.de/edh/inschrift/HD074535,,
HD057087,devsample,https://edh.ub.uni-heidelberg.de/edh/inschrift/HD057087,https://www.trismegistos.org/text/236863,https://edcs.hist.uzh.ch/en/document?edcs-id=EDCS-11901890
HD057883,devsample,https://edh.ub.uni-heidelberg.de/edh/inschrift/HD057883,https://www.trismegistos.org/text/216392,https://edcs.hist.uzh.ch/en/document?edcs-id=EDCS-14500194
HD006226,devsample,https://edh.ub.uni-heidelberg.de/edh/inschrift/HD006226,https://www.trismegistos.org/text/266014,https://edcs.hist.uzh.ch/en/document?edcs-id=EDCS-07600089
HD076382,devsample,https://edh.ub.uni-heidelberg.de/edh/inschrift/HD076382,https://www.trismegistos.org/text/419289,
HD009895,devsample,https://edh.ub.uni-heidelberg.de/edh/inschrift/HD009895,https://www.trismegistos.org/text/190840,https://edcs.hist.uzh.ch/en/document?edcs-id=EDCS-11300752
HD005010,devsample,https://edh.ub.uni-heidelberg.de/edh/inschrift/HD005010,https://www.trismegistos.org/text/265485,https://edcs.hist.uzh.ch/en/document?edcs-id=EDCS-09001165
HD041399,devsample,https://edh.ub.uni-heidelberg.de/edh/inschrift/HD041399,https://www.trismegistos.org/text/206961,https://edcs.hist.uzh.ch/en/document?edcs-id=EDCS-09801661
HD035294,devsample,https://edh.ub.uni-heidelberg.de/edh/inschrift/HD035294,https://www.trismegistos.org/text/183733,https://edcs.hist.uzh.ch/en/document?edcs-id=EDCS-10101943
HD078379,devsample,https://edh.ub.uni-heidelberg.de/edh/inschrift/HD078379,,
HD031882,devsample,https://edh.ub.uni-heidelberg.de/edh/inschrift/HD031882,https://www.trismegistos.org/text/194560,https://edcs.hist.uzh.ch/en/document?edcs-id=EDCS-17500095
HD041500,devsample,https://edh.ub.uni-heidelberg.de/edh/inschrift/HD041500,https://www.trismegistos.org/text/207057,https://edcs.hist.uzh.ch/en/document?edcs-id=EDCS-09801756
HD078313,devsample,https://edh.ub.uni-heidelberg.de/edh/inschrift/HD078313,,
HD034914,devsample,https://edh.ub.uni-heidelberg.de/edh/inschrift/HD034914,https://www.trismegistos.org/text/183437,https://edcs.hist.uzh.ch/en/document?edcs-id=EDCS-29900051
HD081992,devsample,https://edh.ub.uni-heidelberg.de/edh/inschrift/HD081992,https://www.trismegistos.org/text/428710,
HD034879,devsample,https://edh.ub.uni-heidelberg.de/edh/inschrift/HD034879,https://www.trismegistos.org/text/214892,https://edcs.hist.uzh.ch/en/document?edcs-id=EDCS-14500929
HD062244,devsample,https://edh.ub.uni-heidelberg.de/edh/inschrift/HD062244,https://www.trismegistos.org/text/178093,https://edcs.hist.uzh.ch/en/document?edcs-id=EDCS-11700181
HD057107,devsample,https://edh.ub.uni-heidelberg.de/edh/inschrift/HD057107,https://www.trismegistos.org/text/215974,https://edcs.hist.uzh.ch/en/document?edcs-id=EDCS-14500280
HD081531,devsample,https://edh.ub.uni-heidelberg.de/edh/inschrift/HD081531,,
HD064838,devsample,https://edh.ub.uni-heidelberg.de/edh/inschrift/HD064838,https://www.trismegistos.org/text/189056,https://edcs.hist.uzh.ch/en/document?edcs-id=EDCS-47800252
HD039272,devsample,https://edh.ub.uni-heidelberg.de/edh/inschrift/HD039272,https://www.trismegistos.org/text/237322,https://edcs.hist.uzh.ch/en/document?edcs-id=EDCS-11600351
HD043255,devsample,https://edh.ub.uni-heidelberg.de/edh/inschrift/HD043255,https://www.trismegistos.org/text/192163,https://edcs.hist.uzh.ch/en/document?edcs-id=EDCS-28500121
HD040024,devsample,https://edh.ub.uni-heidelberg.de/edh/inschrift/HD040024,https://www.trismegistos.org/text/206068,https://edcs.hist.uzh.ch/en/document?edcs-id=EDCS-09800857
HD007858,devsample,https://edh.ub.uni-heidelberg.de/edh/inschrift/HD007858,https://www.trismegistos.org/text/247845,https://edcs.hist.uzh.ch/en/document?edcs-id=EDCS-08900923
HD056959,devsample,https://edh.ub.uni-heidelberg.de/edh/inschrift/HD056959,https://www.trismegistos.org/text/215949,https://edcs.hist.uzh.ch/en/document?edcs-id=EDCS-14400133
HD029098,devsample,https://edh.ub.uni-heidelberg.de/edh/inschrift/HD029098,https://www.trismegistos.org/text/221957,https://edcs.hist.uzh.ch/en/document?edcs-id=EDCS-08700141
HD018897,devsample,https://edh.ub.uni-heidelberg.de/edh/inschrift/HD018897,https://www.trismegistos.org/text/217435,https://edcs.hist.uzh.ch/en/document?edcs-id=EDCS-11200247
HD016582,devsample,https://edh.ub.uni-heidelberg.de/edh/inschrift/HD016582,https://www.trismegistos.org/text/285377,https://edcs.hist.uzh.ch/en/document?edcs-id=EDCS-10801704
HD060691,devsample,https://edh.ub.uni-heidelberg.de/edh/inschrift/HD060691,https://www.trismegistos.org/text/186121,https://edcs.hist.uzh.ch/en/document?edcs-id=EDCS-32700458
HD004350,devsample,https://edh.ub.uni-heidelberg.de/edh/inschrift/HD004350,https://www.trismegistos.org/text/177052,https://edcs.hist.uzh.ch/en/document?edcs-id=EDCS-11700160
HD048337,devsample,https://edh.ub.uni-heidelberg.de/edh/inschrift/HD048337,https://www.trismegistos.org/text/181367,https://edcs.hist.uzh.ch/en/document?edcs-id=EDCS-27200105
HD001393,devsample,https://edh.ub.uni-heidelberg.de/edh/inschrift/HD001393,https://www.trismegistos.org/text/265550,https://edcs.hist.uzh.ch/en/document?edcs-id=EDCS-08600044
HD000323,devsample,https://edh.ub.uni-heidelberg.de/edh/inschrift/HD000323,https://www.trismegistos.org/text/239287,https://edcs.hist.uzh.ch/en/document?edcs-id=EDCS-11901307
HD020786,devsample,https://edh.ub.uni-heidelberg.de/edh/inschrift/HD020786,https://www.trismegistos.org/text/247587,
HD056888,devsample,https://edh.ub.uni-heidelberg.de/edh/inschrift/HD056888,https://www.trismegistos.org/text/185086,https://edcs.hist.uzh.ch/en/document?edcs-id=EDCS-27700165
HD041990,devsample,https://edh.ub.uni-heidelberg.de/edh/inschrift/HD041990,https://www.trismegistos.org/text/227493,https://edcs.hist.uzh.ch/en/document?edcs-id=EDCS-11800453
HD041232,former_testsample,https://edh.ub.uni-heidelberg.de/edh/inschrift/HD041232,https://www.trismegistos.org/text/206845,https://edcs.hist.uzh.ch/en/document?edcs-id=EDCS-09801555
HD033846,former_testsample,https://edh.ub.uni-heidelberg.de/edh/inschrift/HD033846,https://www.trismegistos.org/text/182444,https://edcs.hist.uzh.ch/en/document?edcs-id=EDCS-10000623
HD037860,former_testsample,https://edh.ub.uni-heidelberg.de/edh/inschrift/HD037860,https://www.trismegistos.org/text/215000,https://edcs.hist.uzh.ch/en/document?edcs-id=EDCS-14500681
HD000457,former_testsample,https://edh.ub.uni-heidelberg.de/edh/inschrift/HD000457,https://www.trismegistos.org/text/203269,https://edcs.hist.uzh.ch/en/document?edcs-id=EDCS-08500648
HD035221,former_testsample,https://edh.ub.uni-heidelberg.de/edh/inschrift/HD035221,https://www.trismegistos.org/text/183672,https://edcs.hist.uzh.ch/en/document?edcs-id=EDCS-40300743
HD038230,former_testsample,https://edh.ub.uni-heidelberg.de/edh/inschrift/HD038230,https://www.trismegistos.org/text/217499,https://edcs.hist.uzh.ch/en/document?edcs-id=EDCS-20900017
HD035800,former_testsample,https://edh.ub.uni-heidelberg.de/edh/inschrift/HD035800,https://www.trismegistos.org/text/193355,https://edcs.hist.uzh.ch/en/document?edcs-id=EDCS-29700220
HD008167,former_testsample,https://edh.ub.uni-heidelberg.de/edh/inschrift/HD008167,https://www.trismegistos.org/text/209906,https://edcs.hist.uzh.ch/en/document?edcs-id=EDCS-08901059
HD065600,former_testsample,https://edh.ub.uni-heidelberg.de/edh/inschrift/HD065600,https://www.trismegistos.org/text/216536,https://edcs.hist.uzh.ch/en/document?edcs-id=EDCS-68000008
HD076498,former_testsample,https://edh.ub.uni-heidelberg.de/edh/inschrift/HD076498,https://www.trismegistos.org/text/415460,
HD064479,former_testsample,https://edh.ub.uni-heidelberg.de/edh/inschrift/HD064479,https://www.trismegistos.org/text/188887,https://edcs.hist.uzh.ch/en/document?edcs-id=EDCS-47800392
HD015612,former_testsample,https://edh.ub.uni-heidelberg.de/edh/inschrift/HD015612,https://www.trismegistos.org/text/167123,https://edcs.hist.uzh.ch/en/document?edcs-id=EDCS-06100389
HD074234,former_testsample,https://edh.ub.uni-heidelberg.de/edh/inschrift/HD074234,,
HD011855,former_testsample,https://edh.ub.uni-heidelberg.de/edh/inschrift/HD011855,https://www.trismegistos.org/text/223684,https://edcs.hist.uzh.ch/en/document?edcs-id=EDCS-09000348
HD002040,former_testsample,https://edh.ub.uni-heidelberg.de/edh/inschrift/HD002040,https://www.trismegistos.org/text/192534,https://edcs.hist.uzh.ch/en/document?edcs-id=EDCS-11201266
HD039128,former_testsample,https://edh.ub.uni-heidelberg.de/edh/inschrift/HD039128,https://www.trismegistos.org/text/215284,https://edcs.hist.uzh.ch/en/document?edcs-id=EDCS-14400499
HD026347,former_testsample,https://edh.ub.uni-heidelberg.de/edh/inschrift/HD026347,https://www.trismegistos.org/text/207504,https://edcs.hist.uzh.ch/en/document?edcs-id=EDCS-55200047
HD043462,former_testsample,https://edh.ub.uni-heidelberg.de/edh/inschrift/HD043462,https://www.trismegistos.org/text/184106,https://edcs.hist.uzh.ch/en/document?edcs-id=EDCS-28900155
HD002050,former_testsample,https://edh.ub.uni-heidelberg.de/edh/inschrift/HD002050,https://www.trismegistos.org/text/239280,https://edcs.hist.uzh.ch/en/document?edcs-id=EDCS-08600338
HD040086,former_testsample,https://edh.ub.uni-heidelberg.de/edh/inschrift/HD040086,https://www.trismegistos.org/text/206113,https://edcs.hist.uzh.ch/en/document?edcs-id=EDCS-09800893
HD057329,former_testsample,https://edh.ub.uni-heidelberg.de/edh/inschrift/HD057329,https://www.trismegistos.org/text/216092,https://edcs.hist.uzh.ch/en/document?edcs-id=EDCS-14400189
HD066315,former_testsample,https://edh.ub.uni-heidelberg.de/edh/inschrift/HD066315,https://www.trismegistos.org/text/494698,https://edcs.hist.uzh.ch/en/document?edcs-id=EDCS-08400606
HD073492,former_testsample,https://edh.ub.uni-heidelberg.de/edh/inschrift/HD073492,,
HD034111,former_testsample,https://edh.ub.uni-heidelberg.de/edh/inschrift/HD034111,https://www.trismegistos.org/text/182705,https://edcs.hist.uzh.ch/en/document?edcs-id=EDCS-10000712
HD040181,former_testsample,https://edh.ub.uni-heidelberg.de/edh/inschrift/HD040181,https://www.trismegistos.org/text/206169,https://edcs.hist.uzh.ch/en/document?edcs-id=EDCS-09800941
HD038742,former_testsample,https://edh.ub.uni-heidelberg.de/edh/inschrift/HD038742,https://www.trismegistos.org/text/215169,https://edcs.hist.uzh.ch/en/document?edcs-id=EDCS-14500782
HD039116,former_testsample,https://edh.ub.uni-heidelberg.de/edh/inschrift/HD039116,https://www.trismegistos.org/text/215276,https://edcs.hist.uzh.ch/en/document?edcs-id=EDCS-14400527
HD064436,former_testsample,https://edh.ub.uni-heidelberg.de/edh/inschrift/HD064436,https://www.trismegistos.org/text/188850,https://edcs.hist.uzh.ch/en/document?edcs-id=EDCS-47800502
HD081179,former_testsample,https://edh.ub.uni-heidelberg.de/edh/inschrift/HD081179,https://www.trismegistos.org/text/424552,
HD078409,former_testsample,https://edh.ub.uni-heidelberg.de/edh/inschrift/HD078409,https://www.trismegistos.org/text/425195,
HD058625,former_testsample,https://edh.ub.uni-heidelberg.de/edh/inschrift/HD058625,https://www.trismegistos.org/text/216439,https://edcs.hist.uzh.ch/en/document?edcs-id=EDCS-14500162
HD029194,former_testsample,https://edh.ub.uni-heidelberg.de/edh/inschrift/HD029194,https://www.trismegistos.org/text/221989,https://edcs.hist.uzh.ch/en/document?edcs-id=EDCS-08700173
HD060105,former_testsample,https://edh.ub.uni-heidelberg.de/edh/inschrift/HD060105,https://www.trismegistos.org/text/185916,https://edcs.hist.uzh.ch/en/document?edcs-id=EDCS-28400344
HD067668,former_testsample,https://edh.ub.uni-heidelberg.de/edh/inschrift/HD067668,https://www.trismegistos.org/text/411209,https://edcs.hist.uzh.ch/en/document?edcs-id=EDCS-32300612
HD042407,former_testsample,https://edh.ub.uni-heidelberg.de/edh/inschrift/HD042407,https://www.trismegistos.org/text/191550,https://edcs.hist.uzh.ch/en/document?edcs-id=EDCS-11301367
HD009491,former_testsample,https://edh.ub.uni-heidelberg.de/edh/inschrift/HD009491,https://www.trismegistos.org/text/190817,https://edcs.hist.uzh.ch/en/document?edcs-id=EDCS-11800282
HD063647,former_testsample,https://edh.ub.uni-heidelberg.de/edh/inschrift/HD063647,https://www.trismegistos.org/text/188361,https://edcs.hist.uzh.ch/en/document?edcs-id=EDCS-46700053
HD034808,former_testsample,https://edh.ub.uni-heidelberg.de/edh/inschrift/HD034808,https://www.trismegistos.org/text/183380,https://edcs.hist.uzh.ch/en/document?edcs-id=EDCS-29600293
HD000291,former_testsample,https://edh.ub.uni-heidelberg.de/edh/inschrift/HD000291,https://www.trismegistos.org/text/251145,https://edcs.hist.uzh.ch/en/document?edcs-id=EDCS-08500079
HD080027,former_testsample,https://edh.ub.uni-heidelberg.de/edh/inschrift/HD080027,https://www.trismegistos.org/text/424316,
HD040164,former_testsample,https://edh.ub.uni-heidelberg.de/edh/inschrift/HD040164,https://www.trismegistos.org/text/206153,https://edcs.hist.uzh.ch/en/document?edcs-id=EDCS-09800928
HD042891,former_testsample,https://edh.ub.uni-heidelberg.de/edh/inschrift/HD042891,https://www.trismegistos.org/text/197676,https://edcs.hist.uzh.ch/en/document?edcs-id=EDCS-29900535
HD066012,former_testsample,https://edh.ub.uni-heidelberg.de/edh/inschrift/HD066012,https://www.trismegistos.org/text/494216,https://edcs.hist.uzh.ch/en/document?edcs-id=EDCS-05400568
HD042545,former_testsample,https://edh.ub.uni-heidelberg.de/edh/inschrift/HD042545,https://www.trismegistos.org/text/191594,https://edcs.hist.uzh.ch/en/document?edcs-id=EDCS-11301266
HD042606,former_testsample,https://edh.ub.uni-heidelberg.de/edh/inschrift/HD042606,https://www.trismegistos.org/text/193774,https://edcs.hist.uzh.ch/en/document?edcs-id=EDCS-10200192
HD000882,former_testsample,https://edh.ub.uni-heidelberg.de/edh/inschrift/HD000882,https://www.trismegistos.org/text/203293,https://edcs.hist.uzh.ch/en/document?edcs-id=EDCS-08600682
HD038932,former_testsample,https://edh.ub.uni-heidelberg.de/edh/inschrift/HD038932,https://www.trismegistos.org/text/179687,https://edcs.hist.uzh.ch/en/document?edcs-id=EDCS-15900495
HD020837,former_testsample,https://edh.ub.uni-heidelberg.de/edh/inschrift/HD020837,https://www.trismegistos.org/text/244154,https://edcs.hist.uzh.ch/en/document?edcs-id=EDCS-16400580
HD007475,former_testsample,https://edh.ub.uni-heidelberg.de/edh/inschrift/HD007475,https://www.trismegistos.org/text/266166,https://edcs.hist.uzh.ch/en/document?edcs-id=EDCS-07000032
HD036165,former_testsample,https://edh.ub.uni-heidelberg.de/edh/inschrift/HD036165,https://www.trismegistos.org/text/193608,https://edcs.hist.uzh.ch/en/document?edcs-id=EDCS-11201350
HD002643,former_testsample,https://edh.ub.uni-heidelberg.de/edh/inschrift/HD002643,https://www.trismegistos.org/text/251286,https://edcs.hist.uzh.ch/en/document?edcs-id=EDCS-08300130
HD041749,former_testsample,https://edh.ub.uni-heidelberg.de/edh/inschrift/HD041749,https://www.trismegistos.org/text/207212,https://edcs.hist.uzh.ch/en/document?edcs-id=EDCS-09801885
HD042501,former_testsample,https://edh.ub.uni-heidelberg.de/edh/inschrift/HD042501,https://www.trismegistos.org/text/191577,https://edcs.hist.uzh.ch/en/document?edcs-id=EDCS-05000724
HD038001,former_testsample,https://edh.ub.uni-heidelberg.de/edh/inschrift/HD038001,https://www.trismegistos.org/text/196492,https://edcs.hist.uzh.ch/en/document?edcs-id=EDCS-27900188
HD040557,former_testsample,https://edh.ub.uni-heidelberg.de/edh/inschrift/HD040557,https://www.trismegistos.org/text/208446,https://edcs.hist.uzh.ch/en/document?edcs-id=EDCS-10600961
HD046558,former_testsample,https://edh.ub.uni-heidelberg.de/edh/inschrift/HD046558,https://www.trismegistos.org/text/121271,https://edcs.hist.uzh.ch/en/document?edcs-id=EDCS-23800486
HD042419,former_testsample,https://edh.ub.uni-heidelberg.de/edh/inschrift/HD042419,https://www.trismegistos.org/text/191561,https://edcs.hist.uzh.ch/en/document?edcs-id=EDCS-44500178
HD041007,former_testsample,https://edh.ub.uni-heidelberg.de/edh/inschrift/HD041007,https://www.trismegistos.org/text/206680,https://edcs.hist.uzh.ch/en/document?edcs-id=EDCS-09801404
HD077033,former_testsample,https://edh.ub.uni-heidelberg.de/edh/inschrift/HD077033,https://www.trismegistos.org/text/461128,
HD046124,former_testsample,https://edh.ub.uni-heidelberg.de/edh/inschrift/HD046124,https://www.trismegistos.org/text/180786,https://edcs.hist.uzh.ch/en/document?edcs-id=EDCS-26600988
HD063420,former_testsample,https://edh.ub.uni-heidelberg.de/edh/inschrift/HD063420,https://www.trismegistos.org/text/188138,https://edcs.hist.uzh.ch/en/document?edcs-id=EDCS-29200284
HD079069,former_testsample,https://edh.ub.uni-heidelberg.de/edh/inschrift/HD079069,https://www.trismegistos.org/text/424970,https://edcs.hist.uzh.ch/en/document?edcs-id=EDCS-10801409
HD012301,former_testsample,https://edh.ub.uni-heidelberg.de/edh/inschrift/HD012301,https://www.trismegistos.org/text/192684,https://edcs.hist.uzh.ch/en/document?edcs-id=EDCS-09701192
HD037674,former_testsample,https://edh.ub.uni-heidelberg.de/edh/inschrift/HD037674,https://www.trismegistos.org/text/229015,https://edcs.hist.uzh.ch/en/document?edcs-id=EDCS-05502824
HD038033,former_testsample,https://edh.ub.uni-heidelberg.de/edh/inschrift/HD038033,https://www.trismegistos.org/text/215053,https://edcs.hist.uzh.ch/en/document?edcs-id=EDCS-14500672
HD005186,former_testsample,https://edh.ub.uni-heidelberg.de/edh/inschrift/HD005186,https://www.trismegistos.org/text/247903,https://edcs.hist.uzh.ch/en/document?edcs-id=EDCS-08900339
HD068969,former_testsample,https://edh.ub.uni-heidelberg.de/edh/inschrift/HD068969,https://www.trismegistos.org/text/407658,https://edcs.hist.uzh.ch/en/document?edcs-id=EDCS-26600460
HD037619,former_testsample,https://edh.ub.uni-heidelberg.de/edh/inschrift/HD037619,https://www.trismegistos.org/text/195072,https://edcs.hist.uzh.ch/en/document?edcs-id=EDCS-26600598
HD039391,former_testsample,https://edh.ub.uni-heidelberg.de/edh/inschrift/HD039391,https://www.trismegistos.org/text/229134,https://edcs.hist.uzh.ch/en/document?edcs-id=EDCS-05502956
HD018794,former_testsample,https://edh.ub.uni-heidelberg.de/edh/inschrift/HD018794,https://www.trismegistos.org/text/209095,https://edcs.hist.uzh.ch/en/document?edcs-id=EDCS-01200170
HD040611,former_testsample,https://edh.ub.uni-heidelberg.de/edh/inschrift/HD040611,https://www.trismegistos.org/text/206376,https://edcs.hist.uzh.ch/en/document?edcs-id=EDCS-09801139
HD067346,former_testsample,https://edh.ub.uni-heidelberg.de/edh/inschrift/HD067346,https://www.trismegistos.org/text/406970,https://edcs.hist.uzh.ch/en/document?edcs-id=EDCS-32300727
HD002786,former_testsample,https://edh.ub.uni-heidelberg.de/edh/inschrift/HD002786,https://www.trismegistos.org/text/203321,https://edcs.hist.uzh.ch/en/document?edcs-id=EDCS-08300623
HD038801,former_testsample,https://edh.ub.uni-heidelberg.de/edh/inschrift/HD038801,https://www.trismegistos.org/text/179641,https://edcs.hist.uzh.ch/en/document?edcs-id=EDCS-15700125
HD039602,former_testsample,https://edh.ub.uni-heidelberg.de/edh/inschrift/HD039602,https://www.trismegistos.org/text/196902,https://edcs.hist.uzh.ch/en/document?edcs-id=EDCS-26600265
HD050376,former_testsample,https://edh.ub.uni-heidelberg.de/edh/inschrift/HD050376,https://www.trismegistos.org/text/216825,https://edcs.hist.uzh.ch/en/document?edcs-id=EDCS-03000720
HD068592,former_testsample,https://edh.ub.uni-heidelberg.de/edh/inschrift/HD068592,https://www.trismegistos.org/text/404931,https://edcs.hist.uzh.ch/en/document?edcs-id=EDCS-29601423
HD039707,former_testsample,https://edh.ub.uni-heidelberg.de/edh/inschrift/HD039707,https://www.trismegistos.org/text/229172,https://edcs.hist.uzh.ch/en/document?edcs-id=EDCS-05502995
HD040822,former_testsample,https://edh.ub.uni-heidelberg.de/edh/inschrift/HD040822,https://www.trismegistos.org/text/206511,https://edcs.hist.uzh.ch/en/document?edcs-id=EDCS-09801263
HD042159,former_testsample,https://edh.ub.uni-heidelberg.de/edh/inschrift/HD042159,https://www.trismegistos.org/text/229228,https://edcs.hist.uzh.ch/en/document?edcs-id=EDCS-05503063
HD000743,former_testsample,https://edh.ub.uni-heidelberg.de/edh/inschrift/HD000743,https://www.trismegistos.org/text/123451,https://edcs.hist.uzh.ch/en/document?edcs-id=EDCS-08500300
HD066821,former_testsample,https://edh.ub.uni-heidelberg.de/edh/inschrift/HD066821,https://www.trismegistos.org/text/216351,https://edcs.hist.uzh.ch/en/document?edcs-id=EDCS-14500603
HD075661,former_testsample,https://edh.ub.uni-heidelberg.de/edh/inschrift/HD075661,https://www.trismegistos.org/text/425155,
HD008001,former_testsample,https://edh.ub.uni-heidelberg.de/edh/inschrift/HD008001,https://www.trismegistos.org/text/194016,https://edcs.hist.uzh.ch/en/document?edcs-id=EDCS-07600383
HD008655,former_testsample,https://edh.ub.uni-heidelberg.de/edh/inschrift/HD008655,https://www.trismegistos.org/text/216569,https://edcs.hist.uzh.ch/en/document?edcs-id=EDCS-08900494
HD018505,former_testsample,https://edh.ub.uni-heidelberg.de/edh/inschrift/HD018505,https://www.trismegistos.org/text/195850,https://edcs.hist.uzh.ch/en/document?edcs-id=EDCS-09900037
HD030656,former_testsample,https://edh.ub.uni-heidelberg.de/edh/inschrift/HD030656,https://www.trismegistos.org/text/222769,https://edcs.hist.uzh.ch/en/document?edcs-id=EDCS-08700791
HD063385,former_testsample,https://edh.ub.uni-heidelberg.de/edh/inschrift/HD063385,https://www.trismegistos.org/text/188103,https://edcs.hist.uzh.ch/en/document?edcs-id=EDCS-52400214
HD035072,former_testsample,https://edh.ub.uni-heidelberg.de/edh/inschrift/HD035072,https://www.trismegistos.org/text/183532,https://edcs.hist.uzh.ch/en/document?edcs-id=EDCS-10101657
HD041752,former_testsample,https://edh.ub.uni-heidelberg.de/edh/inschrift/HD041752,https://www.trismegistos.org/text/207215,https://edcs.hist.uzh.ch/en/document?edcs-id=EDCS-09801888
HD056653,former_testsample,https://edh.ub.uni-heidelberg.de/edh/inschrift/HD056653,https://www.trismegistos.org/text/236537,https://edcs.hist.uzh.ch/en/document?edcs-id=EDCS-11700997
HD022029,former_testsample,https://edh.ub.uni-heidelberg.de/edh/inschrift/HD022029,https://www.trismegistos.org/text/120930,https://edcs.hist.uzh.ch/en/document?edcs-id=EDCS-15900074
HD063328,former_testsample,https://edh.ub.uni-heidelberg.de/edh/inschrift/HD063328,https://www.trismegistos.org/text/188046,https://edcs.hist.uzh.ch/en/document?edcs-id=EDCS-31400951
HD066974,former_testsample,https://edh.ub.uni-heidelberg.de/edh/inschrift/HD066974,https://www.trismegistos.org/text/411372,https://edcs.hist.uzh.ch/en/document?edcs-id=EDCS-30501250
HD001666,former_testsample,https://edh.ub.uni-heidelberg.de/edh/inschrift/HD001666,https://www.trismegistos.org/text/247953,https://edcs.hist.uzh.ch/en/document?edcs-id=EDCS-10700720
HD034130,former_testsample,https://edh.ub.uni-heidelberg.de/edh/inschrift/HD034130,https://www.trismegistos.org/text/182724,https://edcs.hist.uzh.ch/en/document?edcs-id=EDCS-47800740
HD058564,former_testsample,https://edh.ub.uni-heidelberg.de/edh/inschrift/HD058564,https://www.trismegistos.org/text/185703,https://edcs.hist.uzh.ch/en/document?edcs-id=EDCS-28300020
HD006751,former_testsample,https://edh.ub.uni-heidelberg.de/edh/inschrift/HD006751,https://www.trismegistos.org/text/264749,https://edcs.hist.uzh.ch/en/document?edcs-id=EDCS-09400047
HD026432,former_testsample,https://edh.ub.uni-heidelberg.de/edh/inschrift/HD026432,https://www.trismegistos.org/text/232941,https://edcs.hist.uzh.ch/en/document?edcs-id=EDCS-09100683
HD030881,former_testsample,https://edh.ub.uni-heidelberg.de/edh/inschrift/HD030881,https://www.trismegistos.org/text/222955,https://edcs.hist.uzh.ch/en/document?edcs-id=EDCS-08701002
HD035284,former_testsample,https://edh.ub.uni-heidelberg.de/edh/inschrift/HD035284,https://www.trismegistos.org/text/214908,https://edcs.hist.uzh.ch/en/document?edcs-id=EDCS-14500924
HD000541,former_testsample,https://edh.ub.uni-heidelberg.de/edh/inschrift/HD000541,https://www.trismegistos.org/text/282460,https://edcs.hist.uzh.ch/en/document?edcs-id=EDCS-08500118
HD041043,former_testsample,https://edh.ub.uni-heidelberg.de/edh/inschrift/HD041043,https://www.trismegistos.org/text/206716,https://edcs.hist.uzh.ch/en/document?edcs-id=EDCS-09801437
HD078115,former_testsample,https://edh.ub.uni-heidelberg.de/edh/inschrift/HD078115,https://www.trismegistos.org/text/419768,
HD012326,former_testsample,https://edh.ub.uni-heidelberg.de/edh/inschrift/HD012326,https://www.trismegistos.org/text/232467,https://edcs.hist.uzh.ch/en/document?edcs-id=EDCS-09100177
HD072144,former_testsample,https://edh.ub.uni-heidelberg.de/edh/inschrift/HD072144,https://www.trismegistos.org/text/660384,https://edcs.hist.uzh.ch/en/document?edcs-id=EDCS-64100116
HD034917,former_testsample,https://edh.ub.uni-heidelberg.de/edh/inschrift/HD034917,https://www.trismegistos.org/text/183440,https://edcs.hist.uzh.ch/en/document?edcs-id=EDCS-29601570
HD038867,former_testsample,https://edh.ub.uni-heidelberg.de/edh/inschrift/HD038867,https://www.trismegistos.org/text/179660,https://edcs.hist.uzh.ch/en/document?edcs-id=EDCS-15800482
HD000108,former_testsample,https://edh.ub.uni-heidelberg.de/edh/inschrift/HD000108,https://www.trismegistos.org/text/265636,https://edcs.hist.uzh.ch/en/document?edcs-id=EDCS-08500048
HD054544,former_testsample,https://edh.ub.uni-heidelberg.de/edh/inschrift/HD054544,https://www.trismegistos.org/text/184727,https://edcs.hist.uzh.ch/en/document?edcs-id=EDCS-29100395
HD061105,former_testsample,https://edh.ub.uni-heidelberg.de/edh/inschrift/HD061105,https://www.trismegistos.org/text/186318,https://edcs.hist.uzh.ch/en/document?edcs-id=EDCS-30600035
HD064145,former_testsample,https://edh.ub.uni-heidelberg.de/edh/inschrift/HD064145,https://www.trismegistos.org/text/188755,https://edcs.hist.uzh.ch/en/document?edcs-id=EDCS-48000062
HD057475,former_testsample,https://edh.ub.uni-heidelberg.de/edh/inschrift/HD057475,https://www.trismegistos.org/text/185210,https://edcs.hist.uzh.ch/en/document?edcs-id=EDCS-47800181
HD025256,former_testsample,https://edh.ub.uni-heidelberg.de/edh/inschrift/HD025256,https://www.trismegistos.org/text/232128,https://edcs.hist.uzh.ch/en/document?edcs-id=EDCS-09100427
HD073955,former_testsample,https://edh.ub.uni-heidelberg.de/edh/inschrift/HD073955,,
HD000083,former_testsample,https://edh.ub.uni-heidelberg.de/edh/inschrift/HD000083,https://www.trismegistos.org/text/213153,https://edcs.hist.uzh.ch/en/document?edcs-id=EDCS-11700464
HD064842,former_testsample,https://edh.ub.uni-heidelberg.de/edh/inschrift/HD064842,https://www.trismegistos.org/text/189060,https://edcs.hist.uzh.ch/en/document?edcs-id=EDCS-47800255
HD036278,former_testsample,https://edh.ub.uni-heidelberg.de/edh/inschrift/HD036278,https://www.trismegistos.org/text/196313,https://edcs.hist.uzh.ch/en/document?edcs-id=EDCS-03000760
HD042666,former_testsample,https://edh.ub.uni-heidelberg.de/edh/inschrift/HD042666,https://www.trismegistos.org/text/191704,https://edcs.hist.uzh.ch/en/document?edcs-id=EDCS-27800509
HD003012,former_testsample,https://edh.ub.uni-heidelberg.de/edh/inschrift/HD003012,https://www.trismegistos.org/text/198821,https://edcs.hist.uzh.ch/en/document?edcs-id=EDCS-00300193
HD041384,former_testsample,https://edh.ub.uni-heidelberg.de/edh/inschrift/HD041384,https://www.trismegistos.org/text/206948,https://edcs.hist.uzh.ch/en/document?edcs-id=EDCS-09801649
HD061361,former_testsample,https://edh.ub.uni-heidelberg.de/edh/inschrift/HD061361,https://www.trismegistos.org/text/186484,https://edcs.hist.uzh.ch/en/document?edcs-id=EDCS-32700334
HD007769,former_testsample,https://edh.ub.uni-heidelberg.de/edh/inschrift/HD007769,https://www.trismegistos.org/text/266275,https://edcs.hist.uzh.ch/en/document?edcs-id=EDCS-07000141
HD035252,former_testsample,https://edh.ub.uni-heidelberg.de/edh/inschrift/HD035252,https://www.trismegistos.org/text/183703,https://edcs.hist.uzh.ch/en/document?edcs-id=EDCS-29600203
HD020130,former_testsample,https://edh.ub.uni-heidelberg.de/edh/inschrift/HD020130,https://www.trismegistos.org/text/195894,https://edcs.hist.uzh.ch/en/document?edcs-id=EDCS-09900218
HD025552,former_testsample,https://edh.ub.uni-heidelberg.de/edh/inschrift/HD025552,https://www.trismegistos.org/text/216635,https://edcs.hist.uzh.ch/en/document?edcs-id=EDCS-27700244
HD052134,former_testsample,https://edh.ub.uni-heidelberg.de/edh/inschrift/HD052134,https://www.trismegistos.org/text/209735,https://edcs.hist.uzh.ch/en/document?edcs-id=EDCS-33800029
HD082562,former_testsample,https://edh.ub.uni-heidelberg.de/edh/inschrift/HD082562,,
HD064919,former_testsample,https://edh.ub.uni-heidelberg.de/edh/inschrift/HD064919,https://www.trismegistos.org/text/189137,https://edcs.hist.uzh.ch/en/document?edcs-id=EDCS-47800077
HD002868,former_testsample,https://edh.ub.uni-heidelberg.de/edh/inschrift/HD002868,https://www.trismegistos.org/text/227841,https://edcs.hist.uzh.ch/en/document?edcs-id=EDCS-08400314
HD058559,former_testsample,https://edh.ub.uni-heidelberg.de/edh/inschrift/HD058559,https://www.trismegistos.org/text/217083,https://edcs.hist.uzh.ch/en/document?edcs-id=EDCS-27100337
HD049316,former_testsample,https://edh.ub.uni-heidelberg.de/edh/inschrift/HD049316,https://www.trismegistos.org/text/181565,https://edcs.hist.uzh.ch/en/document?edcs-id=EDCS-31900186
HD066109,former_testsample,https://edh.ub.uni-heidelberg.de/edh/inschrift/HD066109,https://www.trismegistos.org/text/494233,https://edcs.hist.uzh.ch/en/document?edcs-id=EDCS-05400585
HD066911,former_testsample,https://edh.ub.uni-heidelberg.de/edh/inschrift/HD066911,https://www.trismegistos.org/text/403527,https://edcs.hist.uzh.ch/en/document?edcs-id=EDCS-29900149
HD071474,former_testsample,https://edh.ub.uni-heidelberg.de/edh/inschrift/HD071474,https://www.trismegistos.org/text/167645,https://edcs.hist.uzh.ch/en/document?edcs-id=EDCS-44600046
HD040547,former_testsample,https://edh.ub.uni-heidelberg.de/edh/inschrift/HD040547,https://www.trismegistos.org/text/208436,https://edcs.hist.uzh.ch/en/document?edcs-id=EDCS-10600398
HD026090,former_testsample,https://edh.ub.uni-heidelberg.de/edh/inschrift/HD026090,https://www.trismegistos.org/text/232824,https://edcs.hist.uzh.ch/en/document?edcs-id=EDCS-09100564
HD001722,former_testsample,https://edh.ub.uni-heidelberg.de/edh/inschrift/HD001722,https://www.trismegistos.org/text/265723,https://edcs.hist.uzh.ch/en/document?edcs-id=EDCS-08400061
HD038692,former_testsample,https://edh.ub.uni-heidelberg.de/edh/inschrift/HD038692,https://www.trismegistos.org/text/215155,https://edcs.hist.uzh.ch/en/document?edcs-id=EDCS-14500787
HD039553,former_testsample,https://edh.ub.uni-heidelberg.de/edh/inschrift/HD039553,https://www.trismegistos.org/text/229156,https://edcs.hist.uzh.ch/en/document?edcs-id=EDCS-05502979
HD077039,former_testsample,https://edh.ub.uni-heidelberg.de/edh/inschrift/HD077039,https://www.trismegistos.org/text/461143,
HD032375,former_testsample,https://edh.ub.uni-heidelberg.de/edh/inschrift/HD032375,https://www.trismegistos.org/text/262733,https://edcs.hist.uzh.ch/en/document?edcs-id=EDCS-01000328
HD041423,former_testsample,https://edh.ub.uni-heidelberg.de/edh/inschrift/HD041423,https://www.trismegistos.org/text/206985,https://edcs.hist.uzh.ch/en/document?edcs-id=EDCS-09801686
HD040324,former_testsample,https://edh.ub.uni-heidelberg.de/edh/inschrift/HD040324,https://www.trismegistos.org/text/206265,https://edcs.hist.uzh.ch/en/document?edcs-id=EDCS-09801031
HD034810,former_testsample,https://edh.ub.uni-heidelberg.de/edh/inschrift/HD034810,https://www.trismegistos.org/text/183382,https://edcs.hist.uzh.ch/en/document?edcs-id=EDCS-10101262
HD026885,former_testsample,https://edh.ub.uni-heidelberg.de/edh/inschrift/HD026885,https://www.trismegistos.org/text/233098,https://edcs.hist.uzh.ch/en/document?edcs-id=EDCS-09100853
HD072065,former_testsample,https://edh.ub.uni-heidelberg.de/edh/inschrift/HD072065,https://www.trismegistos.org/text/669703,https://edcs.hist.uzh.ch/en/document?edcs-id=EDCS-64100142
HD022632,former_testsample,https://edh.ub.uni-heidelberg.de/edh/inschrift/HD022632,https://www.trismegistos.org/text/191155,https://edcs.hist.uzh.ch/en/document?edcs-id=EDCS-13301430
HD057684,former_testsample,https://edh.ub.uni-heidelberg.de/edh/inschrift/HD057684,https://www.trismegistos.org/text/216299,https://edcs.hist.uzh.ch/en/document?edcs-id=EDCS-14500239
HD040171,former_testsample,https://edh.ub.uni-heidelberg.de/edh/inschrift/HD040171,https://www.trismegistos.org/text/206160,
HD064503,former_testsample,https://edh.ub.uni-heidelberg.de/edh/inschrift/HD064503,https://www.trismegistos.org/text/188911,https://edcs.hist.uzh.ch/en/document?edcs-id=EDCS-47800279
HD039880,former_testsample,https://edh.ub.uni-heidelberg.de/edh/inschrift/HD039880,https://www.trismegistos.org/text/205999,https://edcs.hist.uzh.ch/en/document?edcs-id=EDCS-09800796
HD041049,former_testsample,https://edh.ub.uni-heidelberg.de/edh/inschrift/HD041049,https://www.trismegistos.org/text/206722,https://edcs.hist.uzh.ch/en/document?edcs-id=EDCS-09801444
HD026036,former_testsample,https://edh.ub.uni-heidelberg.de/edh/inschrift/HD026036,https://www.trismegistos.org/text/232802,https://edcs.hist.uzh.ch/en/document?edcs-id=EDCS-09100541
HD034072,former_testsample,https://edh.ub.uni-heidelberg.de/edh/inschrift/HD034072,https://www.trismegistos.org/text/182666,https://edcs.hist.uzh.ch/en/document?edcs-id=EDCS-10100763
HD064745,former_testsample,https://edh.ub.uni-heidelberg.de/edh/inschrift/HD064745,https://www.trismegistos.org/text/188963,https://edcs.hist.uzh.ch/en/document?edcs-id=EDCS-47800358
HD045387,former_testsample,https://edh.ub.uni-heidelberg.de/edh/inschrift/HD045387,https://www.trismegistos.org/text/215521,https://edcs.hist.uzh.ch/en/document?edcs-id=EDCS-30100979
HD082790,former_testsample,https://edh.ub.uni-heidelberg.de/edh/inschrift/HD082790,,
HD031501,former_testsample,https://edh.ub.uni-heidelberg.de/edh/inschrift/HD031501,https://www.trismegistos.org/text/205771,https://edcs.hist.uzh.ch/en/document?edcs-id=EDCS-20800641
HD066836,former_testsample,https://edh.ub.uni-heidelberg.de/edh/inschrift/HD066836,https://www.trismegistos.org/text/402618,https://edcs.hist.uzh.ch/en/document?edcs-id=EDCS-14500601
HD076574,former_testsample,https://edh.ub.uni-heidelberg.de/edh/inschrift/HD076574,https://www.trismegistos.org/text/419315,
HD012217,former_testsample,https://edh.ub.uni-heidelberg.de/edh/inschrift/HD012217,https://www.trismegistos.org/text/207686,
HD058759,former_testsample,https://edh.ub.uni-heidelberg.de/edh/inschrift/HD058759,https://www.trismegistos.org/text/217175,https://edcs.hist.uzh.ch/en/document?edcs-id=EDCS-27500316
HD066322,former_testsample,https://edh.ub.uni-heidelberg.de/edh/inschrift/HD066322,https://www.trismegistos.org/text/494726,https://edcs.hist.uzh.ch/en/document?edcs-id=EDCS-08400636
HD063309,former_testsample,https://edh.ub.uni-heidelberg.de/edh/inschrift/HD063309,https://www.trismegistos.org/text/188027,https://edcs.hist.uzh.ch/en/document?edcs-id=EDCS-47800272
HD040840,former_testsample,https://edh.ub.uni-heidelberg.de/edh/inschrift/HD040840,https://www.trismegistos.org/text/206529,https://edcs.hist.uzh.ch/en/document?edcs-id=EDCS-09801278
HD037314,former_testsample,https://edh.ub.uni-heidelberg.de/edh/inschrift/HD037314,https://www.trismegistos.org/text/194917,https://edcs.hist.uzh.ch/en/document?edcs-id=EDCS-09900613
HD057104,former_testsample,https://edh.ub.uni-heidelberg.de/edh/inschrift/HD057104,https://www.trismegistos.org/text/215971,https://edcs.hist.uzh.ch/en/document?edcs-id=EDCS-14500294
HD063478,former_testsample,https://edh.ub.uni-heidelberg.de/edh/inschrift/HD063478,https://www.trismegistos.org/text/188196,https://edcs.hist.uzh.ch/en/document?edcs-id=EDCS-32300015
HD064458,former_testsample,https://edh.ub.uni-heidelberg.de/edh/inschrift/HD064458,https://www.trismegistos.org/text/188870,https://edcs.hist.uzh.ch/en/document?edcs-id=EDCS-47800528
HD056690,former_testsample,https://edh.ub.uni-heidelberg.de/edh/inschrift/HD056690,https://www.trismegistos.org/text/185047,https://edcs.hist.uzh.ch/en/document?edcs-id=EDCS-44200209
HD031730,former_testsample,https://edh.ub.uni-heidelberg.de/edh/inschrift/HD031730,https://www.trismegistos.org/text/223130,https://edcs.hist.uzh.ch/en/document?edcs-id=EDCS-08701178
HD002542,former_testsample,https://edh.ub.uni-heidelberg.de/edh/inschrift/HD002542,https://www.trismegistos.org/text/282538,https://edcs.hist.uzh.ch/en/document?edcs-id=EDCS-10701091
HD040796,former_testsample,https://edh.ub.uni-heidelberg.de/edh/inschrift/HD040796,https://www.trismegistos.org/text/206487,https://edcs.hist.uzh.ch/en/document?edcs-id=EDCS-13003491
HD075835,former_testsample,https://edh.ub.uni-heidelberg.de/edh/inschrift/HD075835,https://www.trismegistos.org/text/415327,
HD009367,former_testsample,https://edh.ub.uni-heidelberg.de/edh/inschrift/HD009367,https://www.trismegistos.org/text/213379,https://edcs.hist.uzh.ch/en/document?edcs-id=EDCS-09700199
HD068469,former_testsample,https://edh.ub.uni-heidelberg.de/edh/inschrift/HD068469,https://www.trismegistos.org/text/410653,https://edcs.hist.uzh.ch/en/document?edcs-id=EDCS-10001122
HD074112,former_testsample,https://edh.ub.uni-heidelberg.de/edh/inschrift/HD074112,,
HD039804,former_testsample,https://edh.ub.uni-heidelberg.de/edh/inschrift/HD039804,https://www.trismegistos.org/text/205953,https://edcs.hist.uzh.ch/en/document?edcs-id=EDCS-13003454
HD010866,former_testsample,https://edh.ub.uni-heidelberg.de/edh/inschrift/HD010866,https://www.trismegistos.org/text/247739,https://edcs.hist.uzh.ch/en/document?edcs-id=EDCS-09401053
HD063248,former_testsample,https://edh.ub.uni-heidelberg.de/edh/inschrift/HD063248,https://www.trismegistos.org/text/187966,https://edcs.hist.uzh.ch/en/document?edcs-id=EDCS-29500244
HD043855,former_testsample,https://edh.ub.uni-heidelberg.de/edh/inschrift/HD043855,https://www.trismegistos.org/text/236433,https://edcs.hist.uzh.ch/en/document?edcs-id=EDCS-10900862
HD052645,former_testsample,https://edh.ub.uni-heidelberg.de/edh/inschrift/HD052645,https://www.trismegistos.org/text/211707,
HD042579,former_testsample,https://edh.ub.uni-heidelberg.de/edh/inschrift/HD042579,https://www.trismegistos.org/text/191628,https://edcs.hist.uzh.ch/en/document?edcs-id=EDCS-11301300
HD001248,former_testsample,https://edh.ub.uni-heidelberg.de/edh/inschrift/HD001248,https://www.trismegistos.org/text/175681,https://edcs.hist.uzh.ch/en/document?edcs-id=EDCS-10900653
HD063319,former_testsample,https://edh.ub.uni-heidelberg.de/edh/inschrift/HD063319,https://www.trismegistos.org/text/188037,https://edcs.hist.uzh.ch/en/document?edcs-id=EDCS-27601597
HD072318,former_testsample,https://edh.ub.uni-heidelberg.de/edh/inschrift/HD072318,https://www.trismegistos.org/text/700028,
HD061884,former_testsample,https://edh.ub.uni-heidelberg.de/edh/inschrift/HD061884,https://www.trismegistos.org/text/186868,https://edcs.hist.uzh.ch/en/document?edcs-id=EDCS-30301362
HD047882,former_testsample,https://edh.ub.uni-heidelberg.de/edh/inschrift/HD047882,https://www.trismegistos.org/text/216793,https://edcs.hist.uzh.ch/en/document?edcs-id=EDCS-20601142
HD040367,former_testsample,https://edh.ub.uni-heidelberg.de/edh/inschrift/HD040367,https://www.trismegistos.org/text/206299,https://edcs.hist.uzh.ch/en/document?edcs-id=EDCS-09801065
HD041033,former_testsample,https://edh.ub.uni-heidelberg.de/edh/inschrift/HD041033,https://www.trismegistos.org/text/206706,https://edcs.hist.uzh.ch/en/document?edcs-id=EDCS-09801427
HD046827,former_testsample,https://edh.ub.uni-heidelberg.de/edh/inschrift/HD046827,https://www.trismegistos.org/text/181079,https://edcs.hist.uzh.ch/en/document?edcs-id=EDCS-28400698
HD075657,former_testsample,https://edh.ub.uni-heidelberg.de/edh/inschrift/HD075657,,
HD056371,former_testsample,https://edh.ub.uni-heidelberg.de/edh/inschrift/HD056371,https://www.trismegistos.org/text/236724,https://edcs.hist.uzh.ch/en/document?edcs-id=EDCS-21500440
HD034867,former_testsample,https://edh.ub.uni-heidelberg.de/edh/inschrift/HD034867,https://www.trismegistos.org/text/183402,https://edcs.hist.uzh.ch/en/document?edcs-id=EDCS-10101265
HD046568,former_testsample,https://edh.ub.uni-heidelberg.de/edh/inschrift/HD046568,https://www.trismegistos.org/text/180911,https://edcs.hist.uzh.ch/en/document?edcs-id=EDCS-28600231
HD059142,former_testsample,https://edh.ub.uni-heidelberg.de/edh/inschrift/HD059142,https://www.trismegistos.org/text/202468,https://edcs.hist.uzh.ch/en/document?edcs-id=EDCS-06000176
HD076054,former_testsample,https://edh.ub.uni-heidelberg.de/edh/inschrift/HD076054,https://www.trismegistos.org/text/415395,
HD009269,former_testsample,https://edh.ub.uni-heidelberg.de/edh/inschrift/HD009269,https://www.trismegistos.org/text/231680,https://edcs.hist.uzh.ch/en/document?edcs-id=EDCS-05601104
HD071696,former_testsample,https://edh.ub.uni-heidelberg.de/edh/inschrift/HD071696,https://www.trismegistos.org/text/404361,https://edcs.hist.uzh.ch/en/document?edcs-id=EDCS-28600416
HD040069,former_testsample,https://edh.ub.uni-heidelberg.de/edh/inschrift/HD040069,https://www.trismegistos.org/text/184030,https://edcs.hist.uzh.ch/en/document?edcs-id=EDCS-03700657
HD037507,former_testsample,https://edh.ub.uni-heidelberg.de/edh/inschrift/HD037507,https://www.trismegistos.org/text/195031,https://edcs.hist.uzh.ch/en/document?edcs-id=EDCS-26600607
HD079918,former_testsample,https://edh.ub.uni-heidelberg.de/edh/inschrift/HD079918,,
HD008091,former_testsample,https://edh.ub.uni-heidelberg.de/edh/inschrift/HD008091,https://www.trismegistos.org/text/192605,https://edcs.hist.uzh.ch/en/document?edcs-id=EDCS-11301545
HD001523,former_testsample,https://edh.ub.uni-heidelberg.de/edh/inschrift/HD001523,https://www.trismegistos.org/text/285422,https://edcs.hist.uzh.ch/en/document?edcs-id=EDCS-08600277
HD056216,former_testsample,https://edh.ub.uni-heidelberg.de/edh/inschrift/HD056216,https://www.trismegistos.org/text/236465,https://edcs.hist.uzh.ch/en/document?edcs-id=EDCS-21200009
HD011593,former_testsample,https://edh.ub.uni-heidelberg.de/edh/inschrift/HD011593,https://www.trismegistos.org/text/194153,https://edcs.hist.uzh.ch/en/document?edcs-id=EDCS-09900596
HD043432,former_testsample,https://edh.ub.uni-heidelberg.de/edh/inschrift/HD043432,https://www.trismegistos.org/text/184095,https://edcs.hist.uzh.ch/en/document?edcs-id=EDCS-27400526
HD077355,former_testsample,https://edh.ub.uni-heidelberg.de/edh/inschrift/HD077355,https://www.trismegistos.org/text/461201,
HD072070,former_testsample,https://edh.ub.uni-heidelberg.de/edh/inschrift/HD072070,https://www.trismegistos.org/text/669705,https://edcs.hist.uzh.ch/en/document?edcs-id=EDCS-64100144
HD081371,former_testsample,https://edh.ub.uni-heidelberg.de/edh/inschrift/HD081371,https://www.trismegistos.org/text/424550,
HD062886,former_testsample,https://edh.ub.uni-heidelberg.de/edh/inschrift/HD062886,https://www.trismegistos.org/text/187604,https://edcs.hist.uzh.ch/en/document?edcs-id=EDCS-27700075
HD080818,former_testsample,https://edh.ub.uni-heidelberg.de/edh/inschrift/HD080818,https://www.trismegistos.org/text/423899,
HD039610,former_testsample,https://edh.ub.uni-heidelberg.de/edh/inschrift/HD039610,https://www.trismegistos.org/text/196910,https://edcs.hist.uzh.ch/en/document?edcs-id=EDCS-09900250
HD078698,former_testsample,https://edh.ub.uni-heidelberg.de/edh/inschrift/HD078698,,
HD077339,former_testsample,https://edh.ub.uni-heidelberg.de/edh/inschrift/HD077339,https://www.trismegistos.org/text/461174,
HD062576,former_testsample,https://edh.ub.uni-heidelberg.de/edh/inschrift/HD062576,https://www.trismegistos.org/text/212554,https://edcs.hist.uzh.ch/en/document?edcs-id=EDCS-12300062
HD041547,former_testsample,https://edh.ub.uni-heidelberg.de/edh/inschrift/HD041547,https://www.trismegistos.org/text/207100,https://edcs.hist.uzh.ch/en/document?edcs-id=EDCS-09801795
HD057601,former_testsample,https://edh.ub.uni-heidelberg.de/edh/inschrift/HD057601,https://www.trismegistos.org/text/185263,https://edcs.hist.uzh.ch/en/document?edcs-id=EDCS-31200530
HD005565,former_testsample,https://edh.ub.uni-heidelberg.de/edh/inschrift/HD005565,https://www.trismegistos.org/text/265240,https://edcs.hist.uzh.ch/en/document?edcs-id=EDCS-08900061
HD066995,former_testsample,https://edh.ub.uni-heidelberg.de/edh/inschrift/HD066995,https://www.trismegistos.org/text/402629,https://edcs.hist.uzh.ch/en/document?edcs-id=EDCS-14500615
HD035648,former_testsample,https://edh.ub.uni-heidelberg.de/edh/inschrift/HD035648,https://www.trismegistos.org/text/183840,https://edcs.hist.uzh.ch/en/document?edcs-id=EDCS-10101882
HD080761,former_testsample,https://edh.ub.uni-heidelberg.de/edh/inschrift/HD080761,https://www.trismegistos.org/text/424448,
HD034726,former_testsample,https://edh.ub.uni-heidelberg.de/edh/inschrift/HD034726,https://www.trismegistos.org/text/183299,https://edcs.hist.uzh.ch/en/document?edcs-id=EDCS-10101244
HD000512,former_testsample,https://edh.ub.uni-heidelberg.de/edh/inschrift/HD000512,https://www.trismegistos.org/text/213168,https://edcs.hist.uzh.ch/en/document?edcs-id=EDCS-08500456
HD082314,former_testsample,https://edh.ub.uni-heidelberg.de/edh/inschrift/HD082314,https://www.trismegistos.org/text/415138,
HD078062,former_testsample,https://edh.ub.uni-heidelberg.de/edh/inschrift/HD078062,,
HD055644,former_testsample,https://edh.ub.uni-heidelberg.de/edh/inschrift/HD055644,https://www.trismegistos.org/text/184865,https://edcs.hist.uzh.ch/en/document?edcs-id=EDCS-28000232
HD042183,former_testsample,https://edh.ub.uni-heidelberg.de/edh/inschrift/HD042183,https://www.trismegistos.org/text/191464,https://edcs.hist.uzh.ch/en/document?edcs-id=EDCS-27100028
HD043204,former_testsample,https://edh.ub.uni-heidelberg.de/edh/inschrift/HD043204,https://www.trismegistos.org/text/192116,https://edcs.hist.uzh.ch/en/document?edcs-id=EDCS-27800968
HD058444,former_testsample,https://edh.ub.uni-heidelberg.de/edh/inschrift/HD058444,https://www.trismegistos.org/text/185664,https://edcs.hist.uzh.ch/en/document?edcs-id=EDCS-28300007
HD039514,former_testsample,https://edh.ub.uni-heidelberg.de/edh/inschrift/HD039514,https://www.trismegistos.org/text/237542,https://edcs.hist.uzh.ch/en/document?edcs-id=EDCS-11600436
HD079406,former_testsample,https://edh.ub.uni-heidelberg.de/edh/inschrift/HD079406,,
HD038974,former_testsample,https://edh.ub.uni-heidelberg.de/edh/inschrift/HD038974,https://www.trismegistos.org/text/179729,https://edcs.hist.uzh.ch/en/document?edcs-id=EDCS-16000077
HD077631,former_testsample,https://edh.ub.uni-heidelberg.de/edh/inschrift/HD077631,https://www.trismegistos.org/text/461138,
HD057821,former_testsample,https://edh.ub.uni-heidelberg.de/edh/inschrift/HD057821,https://www.trismegistos.org/text/216350,https://edcs.hist.uzh.ch/en/document?edcs-id=EDCS-14600152
HD074631,former_testsample,https://edh.ub.uni-heidelberg.de/edh/inschrift/HD074631,,
HD004372,former_testsample,https://edh.ub.uni-heidelberg.de/edh/inschrift/HD004372,https://www.trismegistos.org/text/193987,https://edcs.hist.uzh.ch/en/document?edcs-id=EDCS-09200445
HD067107,former_testsample,https://edh.ub.uni-heidelberg.de/edh/inschrift/HD067107,https://www.trismegistos.org/text/403845,https://edcs.hist.uzh.ch/en/document?edcs-id=EDCS-14400121
HD040612,former_testsample,https://edh.ub.uni-heidelberg.de/edh/inschrift/HD040612,https://www.trismegistos.org/text/206377,https://edcs.hist.uzh.ch/en/document?edcs-id=EDCS-09801140
HD077471,former_testsample,https://edh.ub.uni-heidelberg.de/edh/inschrift/HD077471,https://www.trismegistos.org/text/463402,
HD056195,former_testsample,https://edh.ub.uni-heidelberg.de/edh/inschrift/HD056195,https://www.trismegistos.org/text/212046,https://edcs.hist.uzh.ch/en/document?edcs-id=EDCS-11001042
HD040907,former_testsample,https://edh.ub.uni-heidelberg.de/edh/inschrift/HD040907,https://www.trismegistos.org/text/206580,https://edcs.hist.uzh.ch/en/document?edcs-id=EDCS-09801319
HD002663,former_testsample,https://edh.ub.uni-heidelberg.de/edh/inschrift/HD002663,https://www.trismegistos.org/text/251382,https://edcs.hist.uzh.ch/en/document?edcs-id=EDCS-08300198
HD043210,former_testsample,https://edh.ub.uni-heidelberg.de/edh/inschrift/HD043210,https://www.trismegistos.org/text/192122,https://edcs.hist.uzh.ch/en/document?edcs-id=EDCS-27800958
HD002406,former_testsample,https://edh.ub.uni-heidelberg.de/edh/inschrift/HD002406,https://www.trismegistos.org/text/265900,https://edcs.hist.uzh.ch/en/document?edcs-id=EDCS-08300101
HD057072,former_testsample,https://edh.ub.uni-heidelberg.de/edh/inschrift/HD057072,https://www.trismegistos.org/text/231941,https://edcs.hist.uzh.ch/en/document?edcs-id=EDCS-05601245
HD037925,former_testsample,https://edh.ub.uni-heidelberg.de/edh/inschrift/HD037925,https://www.trismegistos.org/text/196475,https://edcs.hist.uzh.ch/en/document?edcs-id=EDCS-03700682
HD004872,former_testsample,https://edh.ub.uni-heidelberg.de/edh/inschrift/HD004872,https://www.trismegistos.org/text/265404,https://edcs.hist.uzh.ch/en/document?edcs-id=EDCS-09001094
HD031713,former_testsample,https://edh.ub.uni-heidelberg.de/edh/inschrift/HD031713,https://www.trismegistos.org/text/182210,https://edcs.hist.uzh.ch/en/document?edcs-id=EDCS-32500126
HD034075,former_testsample,https://edh.ub.uni-heidelberg.de/edh/inschrift/HD034075,https://www.trismegistos.org/text/182669,https://edcs.hist.uzh.ch/en/document?edcs-id=EDCS-10100767
HD002299,former_testsample,https://edh.ub.uni-heidelberg.de/edh/inschrift/HD002299,https://www.trismegistos.org/text/197486,https://edcs.hist.uzh.ch/en/document?edcs-id=EDCS-08400511
HD043539,former_testsample,https://edh.ub.uni-heidelberg.de/edh/inschrift/HD043539,https://www.trismegistos.org/text/192315,https://edcs.hist.uzh.ch/en/document?edcs-id=EDCS-29100192
HD018535,former_testsample,https://edh.ub.uni-heidelberg.de/edh/inschrift/HD018535,https://www.trismegistos.org/text/120900,https://edcs.hist.uzh.ch/en/document?edcs-id=EDCS-10000480
HD082113,former_testsample,https://edh.ub.uni-heidelberg.de/edh/inschrift/HD082113,https://www.trismegistos.org/text/424817,
HD040013,former_testsample,https://edh.ub.uni-heidelberg.de/edh/inschrift/HD040013,https://www.trismegistos.org/text/206058,https://edcs.hist.uzh.ch/en/document?edcs-id=EDCS-09800848
HD060396,former_testsample,https://edh.ub.uni-heidelberg.de/edh/inschrift/HD060396,https://www.trismegistos.org/text/186057,https://edcs.hist.uzh.ch/en/document?edcs-id=EDCS-32300064
HD022362,former_testsample,https://edh.ub.uni-heidelberg.de/edh/inschrift/HD022362,https://www.trismegistos.org/text/194380,https://edcs.hist.uzh.ch/en/document?edcs-id=EDCS-09900417
HD058686,former_testsample,https://edh.ub.uni-heidelberg.de/edh/inschrift/HD058686,https://www.trismegistos.org/text/217140,https://edcs.hist.uzh.ch/en/document?edcs-id=EDCS-27500279
HD078335,former_testsample,https://edh.ub.uni-heidelberg.de/edh/inschrift/HD078335,,
HD063278,former_testsample,https://edh.ub.uni-heidelberg.de/edh/inschrift/HD063278,https://www.trismegistos.org/text/187996,https://edcs.hist.uzh.ch/en/document?edcs-id=EDCS-29500231
HD068655,former_testsample,https://edh.ub.uni-heidelberg.de/edh/inschrift/HD068655,https://www.trismegistos.org/text/404392,https://edcs.hist.uzh.ch/en/document?edcs-id=EDCS-28600022
HD033243,former_testsample,https://edh.ub.uni-heidelberg.de/edh/inschrift/HD033243,https://www.trismegistos.org/text/182335,https://edcs.hist.uzh.ch/en/document?edcs-id=EDCS-29900014
HD040852,former_testsample,https://edh.ub.uni-heidelberg.de/edh/inschrift/HD040852,https://www.trismegistos.org/text/206541,https://edcs.hist.uzh.ch/en/document?edcs-id=EDCS-09801288
HD040828,former_testsample,https://edh.ub.uni-heidelberg.de/edh/inschrift/HD040828,https://www.trismegistos.org/text/206517,https://edcs.hist.uzh.ch/en/document?edcs-id=EDCS-09801268
HD036591,former_testsample,https://edh.ub.uni-heidelberg.de/edh/inschrift/HD036591,https://www.trismegistos.org/text/210870,https://edcs.hist.uzh.ch/en/document?edcs-id=EDCS-11202058
HD001704,former_testsample,https://edh.ub.uni-heidelberg.de/edh/inschrift/HD001704,https://www.trismegistos.org/text/265718,https://edcs.hist.uzh.ch/en/document?edcs-id=EDCS-08400055
HD040582,former_testsample,https://edh.ub.uni-heidelberg.de/edh/inschrift/HD040582,https://www.trismegistos.org/text/206354,https://edcs.hist.uzh.ch/en/document?edcs-id=EDCS-09801117
HD009332,former_testsample,https://edh.ub.uni-heidelberg.de/edh/inschrift/HD009332,https://www.trismegistos.org/text/178481,https://edcs.hist.uzh.ch/en/document?edcs-id=EDCS-07000830
HD038853,former_testsample,https://edh.ub.uni-heidelberg.de/edh/inschrift/HD038853,https://www.trismegistos.org/text/215207,https://edcs.hist.uzh.ch/en/document?edcs-id=EDCS-14500361
HD029116,former_testsample,https://edh.ub.uni-heidelberg.de/edh/inschrift/HD029116,https://www.trismegistos.org/text/221963,https://edcs.hist.uzh.ch/en/document?edcs-id=EDCS-08700147
HD034711,former_testsample,https://edh.ub.uni-heidelberg.de/edh/inschrift/HD034711,https://www.trismegistos.org/text/183284,https://edcs.hist.uzh.ch/en/document?edcs-id=EDCS-28700936
HD005690,former_testsample,https://edh.ub.uni-heidelberg.de/edh/inschrift/HD005690,https://www.trismegistos.org/text/222875,https://edcs.hist.uzh.ch/en/document?edcs-id=EDCS-08700897
HD040136,former_testsample,https://edh.ub.uni-heidelberg.de/edh/inschrift/HD040136,https://www.trismegistos.org/text/196964,https://edcs.hist.uzh.ch/en/document?edcs-id=EDCS-26600386
HD057620,former_testsample,https://edh.ub.uni-heidelberg.de/edh/inschrift/HD057620,https://www.trismegistos.org/text/216248,https://edcs.hist.uzh.ch/en/document?edcs-id=EDCS-14500951
HD012082,former_testsample,https://edh.ub.uni-heidelberg.de/edh/inschrift/HD012082,https://www.trismegistos.org/text/194171,https://edcs.hist.uzh.ch/en/document?edcs-id=EDCS-09701123
HD000138,former_testsample,https://edh.ub.uni-heidelberg.de/edh/inschrift/HD000138,https://www.trismegistos.org/text/265630,https://edcs.hist.uzh.ch/en/document?edcs-id=EDCS-08500042
HD048597,former_testsample,https://edh.ub.uni-heidelberg.de/edh/inschrift/HD048597,https://www.trismegistos.org/text/121387,https://edcs.hist.uzh.ch/en/document?edcs-id=EDCS-16200579
HD010484,former_testsample,https://edh.ub.uni-heidelberg.de/edh/inschrift/HD010484,https://www.trismegistos.org/text/264576,https://edcs.hist.uzh.ch/en/document?edcs-id=EDCS-09401342
HD038750,former_testsample,https://edh.ub.uni-heidelberg.de/edh/inschrift/HD038750,https://www.trismegistos.org/text/215172,https://edcs.hist.uzh.ch/en/document?edcs-id=EDCS-14500685
HD027846,former_testsample,https://edh.ub.uni-heidelberg.de/edh/inschrift/HD027846,https://www.trismegistos.org/text/194473,https://edcs.hist.uzh.ch/en/document?edcs-id=EDCS-09900625
HD043840,former_testsample,https://edh.ub.uni-heidelberg.de/edh/inschrift/HD043840,https://www.trismegistos.org/text/236425,https://edcs.hist.uzh.ch/en/document?edcs-id=EDCS-10900851
HD033283,former_testsample,https://edh.ub.uni-heidelberg.de/edh/inschrift/HD033283,https://www.trismegistos.org/text/182351,https://edcs.hist.uzh.ch/en/document?edcs-id=EDCS-29900117
HD060127,former_testsample,https://edh.ub.uni-heidelberg.de/edh/inschrift/HD060127,https://www.trismegistos.org/text/217274,https://edcs.hist.uzh.ch/en/document?edcs-id=EDCS-27700236
HD029892,former_testsample,https://edh.ub.uni-heidelberg.de/edh/inschrift/HD029892,https://www.trismegistos.org/text/179253,https://edcs.hist.uzh.ch/en/document?edcs-id=EDCS-12700188
HD039083,former_testsample,https://edh.ub.uni-heidelberg.de/edh/inschrift/HD039083,https://www.trismegistos.org/text/179772,https://edcs.hist.uzh.ch/en/document?edcs-id=EDCS-15900569
HD071716,former_testsample,https://edh.ub.uni-heidelberg.de/edh/inschrift/HD071716,https://www.trismegistos.org/text/669689,https://edcs.hist.uzh.ch/en/document?edcs-id=EDCS-59600041
HD047050,former_testsample,https://edh.ub.uni-heidelberg.de/edh/inschrift/HD047050,https://www.trismegistos.org/text/181159,https://edcs.hist.uzh.ch/en/document?edcs-id=EDCS-26600738
HD070177,former_testsample,https://edh.ub.uni-heidelberg.de/edh/inschrift/HD070177,https://www.trismegistos.org/text/155429,
HD040664,former_testsample,https://edh.ub.uni-heidelberg.de/edh/inschrift/HD040664,https://www.trismegistos.org/text/206417,https://edcs.hist.uzh.ch/en/document?edcs-id=EDCS-09801178
HD030998,former_testsample,https://edh.ub.uni-heidelberg.de/edh/inschrift/HD030998,https://www.trismegistos.org/text/222770,https://edcs.hist.uzh.ch/en/document?edcs-id=EDCS-08700792
HD038255,former_testsample,https://edh.ub.uni-heidelberg.de/edh/inschrift/HD038255,https://www.trismegistos.org/text/196548,https://edcs.hist.uzh.ch/en/document?edcs-id=EDCS-26600270
HD041651,former_testsample,https://edh.ub.uni-heidelberg.de/edh/inschrift/HD041651,https://www.trismegistos.org/text/207157,https://edcs.hist.uzh.ch/en/document?edcs-id=EDCS-09801847
HD040161,former_testsample,https://edh.ub.uni-heidelberg.de/edh/inschrift/HD040161,https://www.trismegistos.org/text/184057,https://edcs.hist.uzh.ch/en/document?edcs-id=EDCS-04900828
HD078336,former_testsample,https://edh.ub.uni-heidelberg.de/edh/inschrift/HD078336,,
HD063176,former_testsample,https://edh.ub.uni-heidelberg.de/edh/inschrift/HD063176,https://www.trismegistos.org/text/187894,https://edcs.hist.uzh.ch/en/document?edcs-id=EDCS-29500309
HD046651,former_testsample,https://edh.ub.uni-heidelberg.de/edh/inschrift/HD046651,https://www.trismegistos.org/text/180989,https://edcs.hist.uzh.ch/en/document?edcs-id=EDCS-32200982
HD081724,former_testsample,https://edh.ub.uni-heidelberg.de/edh/inschrift/HD081724,https://www.trismegistos.org/text/424665,
HD020695,former_testsample,https://edh.ub.uni-heidelberg.de/edh/inschrift/HD020695,https://www.trismegistos.org/text/192765,https://edcs.hist.uzh.ch/en/document?edcs-id=EDCS-11201351
HD040815,former_testsample,https://edh.ub.uni-heidelberg.de/edh/inschrift/HD040815,https://www.trismegistos.org/text/206504,https://edcs.hist.uzh.ch/en/document?edcs-id=EDCS-09801258
HD064933,testsample,https://edh.ub.uni-heidelberg.de/edh/inschrift/HD064933,https://www.trismegistos.org/text/189151,https://edcs.hist.uzh.ch/en/document?edcs-id=EDCS-47800098
HD040990,testsample,https://edh.ub.uni-heidelberg.de/edh/inschrift/HD040990,https://www.trismegistos.org/text/206663,https://edcs.hist.uzh.ch/en/document?edcs-id=EDCS-09801388
HD074865,testsample,https://edh.ub.uni-heidelberg.de/edh/inschrift/HD074865,,
HD082431,testsample,https://edh.ub.uni-heidelberg.de/edh/inschrift/HD082431,,
HD078772,testsample,https://edh.ub.uni-heidelberg.de/edh/inschrift/HD078772,,
HD006084,testsample,https://edh.ub.uni-heidelberg.de/edh/inschrift/HD006084,https://www.trismegistos.org/text/178422,https://edcs.hist.uzh.ch/en/document?edcs-id=EDCS-08900558
HD057575,testsample,https://edh.ub.uni-heidelberg.de/edh/inschrift/HD057575,https://www.trismegistos.org/text/216221,https://edcs.hist.uzh.ch/en/document?edcs-id=EDCS-14500155
HD067352,testsample,https://edh.ub.uni-heidelberg.de/edh/inschrift/HD067352,https://www.trismegistos.org/text/670421,https://edcs.hist.uzh.ch/en/document?edcs-id=EDCS-66400013
HD069826,testsample,https://edh.ub.uni-heidelberg.de/edh/inschrift/HD069826,https://www.trismegistos.org/text/155049,https://edcs.hist.uzh.ch/en/document?edcs-id=EDCS-07800839
HD074366,testsample,https://edh.ub.uni-heidelberg.de/edh/inschrift/HD074366,https://www.trismegistos.org/text/407590,https://edcs.hist.uzh.ch/en/document?edcs-id=EDCS-28701049
HD060935,testsample,https://edh.ub.uni-heidelberg.de/edh/inschrift/HD060935,https://www.trismegistos.org/text/186240,https://edcs.hist.uzh.ch/en/document?edcs-id=EDCS-32500144
HD078297,testsample,https://edh.ub.uni-heidelberg.de/edh/inschrift/HD078297,,
HD040995,testsample,https://edh.ub.uni-heidelberg.de/edh/inschrift/HD040995,https://www.trismegistos.org/text/206668,https://edcs.hist.uzh.ch/en/document?edcs-id=EDCS-09801393
HD002392,testsample,https://edh.ub.uni-heidelberg.de/edh/inschrift/HD002392,https://www.trismegistos.org/text/176781,https://edcs.hist.uzh.ch/en/document?edcs-id=EDCS-09001565
HD016858,testsample,https://edh.ub.uni-heidelberg.de/edh/inschrift/HD016858,https://www.trismegistos.org/text/192732,https://edcs.hist.uzh.ch/en/document?edcs-id=EDCS-31400151
HD056718,testsample,https://edh.ub.uni-heidelberg.de/edh/inschrift/HD056718,https://www.trismegistos.org/text/185060,https://edcs.hist.uzh.ch/en/document?edcs-id=EDCS-32500102
HD002804,testsample,https://edh.ub.uni-heidelberg.de/edh/inschrift/HD002804,https://www.trismegistos.org/text/203327,https://edcs.hist.uzh.ch/en/document?edcs-id=EDCS-08300629
HD062667,testsample,https://edh.ub.uni-heidelberg.de/edh/inschrift/HD062667,https://www.trismegistos.org/text/187407,https://edcs.hist.uzh.ch/en/document?edcs-id=EDCS-28000037
HD037814,testsample,https://edh.ub.uni-heidelberg.de/edh/inschrift/HD037814,https://www.trismegistos.org/text/196418,https://edcs.hist.uzh.ch/en/document?edcs-id=EDCS-09900280
HD040492,testsample,https://edh.ub.uni-heidelberg.de/edh/inschrift/HD040492,https://www.trismegistos.org/text/206328,https://edcs.hist.uzh.ch/en/document?edcs-id=EDCS-09801094
HD062875,testsample,https://edh.ub.uni-heidelberg.de/edh/inschrift/HD062875,https://www.trismegistos.org/text/187593,https://edcs.hist.uzh.ch/en/document?edcs-id=EDCS-27700045
HD035097,testsample,https://edh.ub.uni-heidelberg.de/edh/inschrift/HD035097,https://www.trismegistos.org/text/183557,https://edcs.hist.uzh.ch/en/document?edcs-id=EDCS-10101682
HD078817,testsample,https://edh.ub.uni-heidelberg.de/edh/inschrift/HD078817,,
HD025313,testsample,https://edh.ub.uni-heidelberg.de/edh/inschrift/HD025313,https://www.trismegistos.org/text/232714,https://edcs.hist.uzh.ch/en/document?edcs-id=EDCS-09100452
HD031172,testsample,https://edh.ub.uni-heidelberg.de/edh/inschrift/HD031172,https://www.trismegistos.org/text/222856,https://edcs.hist.uzh.ch/en/document?edcs-id=EDCS-08700878
HD048402,testsample,https://edh.ub.uni-heidelberg.de/edh/inschrift/HD048402,https://www.trismegistos.org/text/181382,https://edcs.hist.uzh.ch/en/document?edcs-id=EDCS-27200114
HD079209,testsample,https://edh.ub.uni-heidelberg.de/edh/inschrift/HD079209,https://www.trismegistos.org/text/426056,
HD053649,testsample,https://edh.ub.uni-heidelberg.de/edh/inschrift/HD053649,https://www.trismegistos.org/text/215745,https://edcs.hist.uzh.ch/en/document?edcs-id=EDCS-04900812
HD068305,testsample,https://edh.ub.uni-heidelberg.de/edh/inschrift/HD068305,https://www.trismegistos.org/text/495366,https://edcs.hist.uzh.ch/en/document?edcs-id=EDCS-08200693
HD007348,testsample,https://edh.ub.uni-heidelberg.de/edh/inschrift/HD007348,https://www.trismegistos.org/text/198996,https://edcs.hist.uzh.ch/en/document?edcs-id=EDCS-09400750
HD062788,testsample,https://edh.ub.uni-heidelberg.de/edh/inschrift/HD062788,https://www.trismegistos.org/text/187506,https://edcs.hist.uzh.ch/en/document?edcs-id=EDCS-29400080
HD036279,testsample,https://edh.ub.uni-heidelberg.de/edh/inschrift/HD036279,https://www.trismegistos.org/text/196314,
HD002006,testsample,https://edh.ub.uni-heidelberg.de/edh/inschrift/HD002006,https://www.trismegistos.org/text/123466,https://edcs.hist.uzh.ch/en/document?edcs-id=EDCS-08400260
HD058627,testsample,https://edh.ub.uni-heidelberg.de/edh/inschrift/HD058627,https://www.trismegistos.org/text/216441,https://edcs.hist.uzh.ch/en/document?edcs-id=EDCS-14500269
HD021625,testsample,https://edh.ub.uni-heidelberg.de/edh/inschrift/HD021625,https://www.trismegistos.org/text/191128,https://edcs.hist.uzh.ch/en/document?edcs-id=EDCS-11300684
HD035255,testsample,https://edh.ub.uni-heidelberg.de/edh/inschrift/HD035255,https://www.trismegistos.org/text/214902,https://edcs.hist.uzh.ch/en/document?edcs-id=EDCS-14500918
HD006856,testsample,https://edh.ub.uni-heidelberg.de/edh/inschrift/HD006856,https://www.trismegistos.org/text/264788,https://edcs.hist.uzh.ch/en/document?edcs-id=EDCS-12101773
HD077643,testsample,https://edh.ub.uni-heidelberg.de/edh/inschrift/HD077643,https://www.trismegistos.org/text/461171,
HD013903,testsample,https://edh.ub.uni-heidelberg.de/edh/inschrift/HD013903,https://www.trismegistos.org/text/209991,https://edcs.hist.uzh.ch/en/document?edcs-id=EDCS-09701104
HD046781,testsample,https://edh.ub.uni-heidelberg.de/edh/inschrift/HD046781,https://www.trismegistos.org/text/181040,https://edcs.hist.uzh.ch/en/document?edcs-id=EDCS-31900196
HD009655,testsample,https://edh.ub.uni-heidelberg.de/edh/inschrift/HD009655,https://www.trismegistos.org/text/194069,https://edcs.hist.uzh.ch/en/document?edcs-id=EDCS-09700291
HD075182,testsample,https://edh.ub.uni-heidelberg.de/edh/inschrift/HD075182,https://www.trismegistos.org/text/428662,
HD079282,testsample,https://edh.ub.uni-heidelberg.de/edh/inschrift/HD079282,,
HD039999,testsample,https://edh.ub.uni-heidelberg.de/edh/inschrift/HD039999,https://www.trismegistos.org/text/184010,https://edcs.hist.uzh.ch/en/document?edcs-id=EDCS-00380805
HD033897,testsample,https://edh.ub.uni-heidelberg.de/edh/inschrift/HD033897,https://www.trismegistos.org/text/182491,https://edcs.hist.uzh.ch/en/document?edcs-id=EDCS-10000650
HD064765,testsample,https://edh.ub.uni-heidelberg.de/edh/inschrift/HD064765,https://www.trismegistos.org/text/188983,https://edcs.hist.uzh.ch/en/document?edcs-id=EDCS-47800380
HD011827,testsample,https://edh.ub.uni-heidelberg.de/edh/inschrift/HD011827,https://www.trismegistos.org/text/192676,https://edcs.hist.uzh.ch/en/document?edcs-id=EDCS-10000487
HD074367,testsample,https://edh.ub.uni-heidelberg.de/edh/inschrift/HD074367,https://www.trismegistos.org/text/407591,https://edcs.hist.uzh.ch/en/document?edcs-id=EDCS-28701050
HD076158,testsample,https://edh.ub.uni-heidelberg.de/edh/inschrift/HD076158,https://www.trismegistos.org/text/425139,
HD026913,testsample,https://edh.ub.uni-heidelberg.de/edh/inschrift/HD026913,https://www.trismegistos.org/text/214856,https://edcs.hist.uzh.ch/en/document?edcs-id=EDCS-14500003
HD040983,testsample,https://edh.ub.uni-heidelberg.de/edh/inschrift/HD040983,https://www.trismegistos.org/text/206656,https://edcs.hist.uzh.ch/en/document?edcs-id=EDCS-13003518
HD045454,testsample,https://edh.ub.uni-heidelberg.de/edh/inschrift/HD045454,https://www.trismegistos.org/text/180539,https://edcs.hist.uzh.ch/en/document?edcs-id=EDCS-26600823
HD041261,testsample,https://edh.ub.uni-heidelberg.de/edh/inschrift/HD041261,https://www.trismegistos.org/text/206862,https://edcs.hist.uzh.ch/en/document?edcs-id=EDCS-09801571
HD003129,testsample,https://edh.ub.uni-heidelberg.de/edh/inschrift/HD003129,https://www.trismegistos.org/text/236505,https://edcs.hist.uzh.ch/en/document?edcs-id=EDCS-11700964
HD038024,testsample,https://edh.ub.uni-heidelberg.de/edh/inschrift/HD038024,https://www.trismegistos.org/text/215047,https://edcs.hist.uzh.ch/en/document?edcs-id=EDCS-14500710
HD062471,testsample,https://edh.ub.uni-heidelberg.de/edh/inschrift/HD062471,https://www.trismegistos.org/text/187255,https://edcs.hist.uzh.ch/en/document?edcs-id=EDCS-28100140
HD054821,testsample,https://edh.ub.uni-heidelberg.de/edh/inschrift/HD054821,https://www.trismegistos.org/text/184800,https://edcs.hist.uzh.ch/en/document?edcs-id=EDCS-31400168
HD019652,testsample,https://edh.ub.uni-heidelberg.de/edh/inschrift/HD019652,https://www.trismegistos.org/text/263895,https://edcs.hist.uzh.ch/en/document?edcs-id=EDCS-15200163
HD026441,testsample,https://edh.ub.uni-heidelberg.de/edh/inschrift/HD026441,https://www.trismegistos.org/text/232945,https://edcs.hist.uzh.ch/en/document?edcs-id=EDCS-09100687
HD026026,testsample,https://edh.ub.uni-heidelberg.de/edh/inschrift/HD026026,https://www.trismegistos.org/text/208353,https://edcs.hist.uzh.ch/en/document?edcs-id=EDCS-11201778
HD040613,testsample,https://edh.ub.uni-heidelberg.de/edh/inschrift/HD040613,https://www.trismegistos.org/text/206378,https://edcs.hist.uzh.ch/en/document?edcs-id=EDCS-09801141
HD077350,testsample,https://edh.ub.uni-heidelberg.de/edh/inschrift/HD077350,https://www.trismegistos.org/text/462868,
HD056427,testsample,https://edh.ub.uni-heidelberg.de/edh/inschrift/HD056427,https://www.trismegistos.org/text/215794,https://edcs.hist.uzh.ch/en/document?edcs-id=EDCS-14400038
HD066052,testsample,https://edh.ub.uni-heidelberg.de/edh/inschrift/HD066052,https://www.trismegistos.org/text/494712,https://edcs.hist.uzh.ch/en/document?edcs-id=EDCS-08400621
HD073973,testsample,https://edh.ub.uni-heidelberg.de/edh/inschrift/HD073973,,
HD006257,testsample,https://edh.ub.uni-heidelberg.de/edh/inschrift/HD006257,https://www.trismegistos.org/text/264798,https://edcs.hist.uzh.ch/en/document?edcs-id=EDCS-09400097
HD037415,testsample,https://edh.ub.uni-heidelberg.de/edh/inschrift/HD037415,https://www.trismegistos.org/text/194980,https://edcs.hist.uzh.ch/en/document?edcs-id=EDCS-09900695
HD058440,testsample,https://edh.ub.uni-heidelberg.de/edh/inschrift/HD058440,https://www.trismegistos.org/text/217041,https://edcs.hist.uzh.ch/en/document?edcs-id=EDCS-27100296
HD065669,testsample,https://edh.ub.uni-heidelberg.de/edh/inschrift/HD065669,https://www.trismegistos.org/text/494947,https://edcs.hist.uzh.ch/en/document?edcs-id=EDCS-08400733
HD042552,testsample,https://edh.ub.uni-heidelberg.de/edh/inschrift/HD042552,https://www.trismegistos.org/text/191601,https://edcs.hist.uzh.ch/en/document?edcs-id=EDCS-27800907
HD011378,testsample,https://edh.ub.uni-heidelberg.de/edh/inschrift/HD011378,https://www.trismegistos.org/text/195727,https://edcs.hist.uzh.ch/en/document?edcs-id=EDCS-09401540
HD053805,testsample,https://edh.ub.uni-heidelberg.de/edh/inschrift/HD053805,https://www.trismegistos.org/text/197324,https://edcs.hist.uzh.ch/en/document?edcs-id=EDCS-04900882
HD006895,testsample,https://edh.ub.uni-heidelberg.de/edh/inschrift/HD006895,https://www.trismegistos.org/text/265951,https://edcs.hist.uzh.ch/en/document?edcs-id=EDCS-07600024
HD074109,testsample,https://edh.ub.uni-heidelberg.de/edh/inschrift/HD074109,,
HD037549,testsample,https://edh.ub.uni-heidelberg.de/edh/inschrift/HD037549,https://www.trismegistos.org/text/195045,https://edcs.hist.uzh.ch/en/document?edcs-id=EDCS-09900483
HD060943,testsample,https://edh.ub.uni-heidelberg.de/edh/inschrift/HD060943,https://www.trismegistos.org/text/186248,https://edcs.hist.uzh.ch/en/document?edcs-id=EDCS-32500154
HD061445,testsample,https://edh.ub.uni-heidelberg.de/edh/inschrift/HD061445,https://www.trismegistos.org/text/203158,https://edcs.hist.uzh.ch/en/document?edcs-id=EDCS-13500344
HD017455,testsample,https://edh.ub.uni-heidelberg.de/edh/inschrift/HD017455,https://www.trismegistos.org/text/221933,https://edcs.hist.uzh.ch/en/document?edcs-id=EDCS-08700117
HD017230,testsample,https://edh.ub.uni-heidelberg.de/edh/inschrift/HD017230,https://www.trismegistos.org/text/190988,https://edcs.hist.uzh.ch/en/document?edcs-id=EDCS-11800281
HD061976,testsample,https://edh.ub.uni-heidelberg.de/edh/inschrift/HD061976,https://www.trismegistos.org/text/186938,https://edcs.hist.uzh.ch/en/document?edcs-id=EDCS-28300064
HD079023,testsample,https://edh.ub.uni-heidelberg.de/edh/inschrift/HD079023,,
HD074268,testsample,https://edh.ub.uni-heidelberg.de/edh/inschrift/HD074268,,
HD038343,testsample,https://edh.ub.uni-heidelberg.de/edh/inschrift/HD038343,https://www.trismegistos.org/text/196590,https://edcs.hist.uzh.ch/en/document?edcs-id=EDCS-09900337
HD065944,testsample,https://edh.ub.uni-heidelberg.de/edh/inschrift/HD065944,https://www.trismegistos.org/text/494737,https://edcs.hist.uzh.ch/en/document?edcs-id=EDCS-08400647
HD034969,testsample,https://edh.ub.uni-heidelberg.de/edh/inschrift/HD034969,https://www.trismegistos.org/text/194766,https://edcs.hist.uzh.ch/en/document?edcs-id=EDCS-10102070
HD073967,testsample,https://edh.ub.uni-heidelberg.de/edh/inschrift/HD073967,,
HD003313,testsample,https://edh.ub.uni-heidelberg.de/edh/inschrift/HD003313,https://www.trismegistos.org/text/245254,https://edcs.hist.uzh.ch/en/document?edcs-id=EDCS-09001260
HD034426,testsample,https://edh.ub.uni-heidelberg.de/edh/inschrift/HD034426,https://www.trismegistos.org/text/183019,
HD009950,testsample,https://edh.ub.uni-heidelberg.de/edh/inschrift/HD009950,https://www.trismegistos.org/text/274433,https://edcs.hist.uzh.ch/en/document?edcs-id=EDCS-07400088
HD073475,testsample,https://edh.ub.uni-heidelberg.de/edh/inschrift/HD073475,,
HD069656,testsample,https://edh.ub.uni-heidelberg.de/edh/inschrift/HD069656,https://www.trismegistos.org/text/154863,https://edcs.hist.uzh.ch/en/document?edcs-id=EDCS-07800649
HD041482,testsample,https://edh.ub.uni-heidelberg.de/edh/inschrift/HD041482,https://www.trismegistos.org/text/207042,https://edcs.hist.uzh.ch/en/document?edcs-id=EDCS-09801740
HD055298,testsample,https://edh.ub.uni-heidelberg.de/edh/inschrift/HD055298,https://www.trismegistos.org/text/207539,https://edcs.hist.uzh.ch/en/document?edcs-id=EDCS-05000569
HD020145,testsample,https://edh.ub.uni-heidelberg.de/edh/inschrift/HD020145,https://www.trismegistos.org/text/195900,https://edcs.hist.uzh.ch/en/document?edcs-id=EDCS-09900208
HD063776,testsample,https://edh.ub.uni-heidelberg.de/edh/inschrift/HD063776,https://www.trismegistos.org/text/217378,https://edcs.hist.uzh.ch/en/document?edcs-id=EDCS-32300394
HD063102,testsample,https://edh.ub.uni-heidelberg.de/edh/inschrift/HD063102,https://www.trismegistos.org/text/187820,https://edcs.hist.uzh.ch/en/document?edcs-id=EDCS-29601500
HD044630,testsample,https://edh.ub.uni-heidelberg.de/edh/inschrift/HD044630,https://www.trismegistos.org/text/180272,https://edcs.hist.uzh.ch/en/document?edcs-id=EDCS-45100335
HD000632,testsample,https://edh.ub.uni-heidelberg.de/edh/inschrift/HD000632,https://www.trismegistos.org/text/208044,https://edcs.hist.uzh.ch/en/document?edcs-id=EDCS-25200007
HD065372,testsample,https://edh.ub.uni-heidelberg.de/edh/inschrift/HD065372,https://www.trismegistos.org/text/216525,https://edcs.hist.uzh.ch/en/document?edcs-id=EDCS-14500947
HD008249,testsample,https://edh.ub.uni-heidelberg.de/edh/inschrift/HD008249,https://www.trismegistos.org/text/214626,https://edcs.hist.uzh.ch/en/document?edcs-id=EDCS-14500948
HD000133,testsample,https://edh.ub.uni-heidelberg.de/edh/inschrift/HD000133,https://www.trismegistos.org/text/223539,
HD075854,testsample,https://edh.ub.uni-heidelberg.de/edh/inschrift/HD075854,https://www.trismegistos.org/text/415333,
HD060954,testsample,https://edh.ub.uni-heidelberg.de/edh/inschrift/HD060954,https://www.trismegistos.org/text/212424,https://edcs.hist.uzh.ch/en/document?edcs-id=EDCS-11001772
HD038606,testsample,https://edh.ub.uni-heidelberg.de/edh/inschrift/HD038606,https://www.trismegistos.org/text/215105,https://edcs.hist.uzh.ch/en/document?edcs-id=EDCS-14600223
HD081827,testsample,https://edh.ub.uni-heidelberg.de/edh/inschrift/HD081827,https://www.trismegistos.org/text/424716,
HD058554,testsample,https://edh.ub.uni-heidelberg.de/edh/inschrift/HD058554,https://www.trismegistos.org/text/217078,https://edcs.hist.uzh.ch/en/document?edcs-id=EDCS-27100332
HD001589,testsample,https://edh.ub.uni-heidelberg.de/edh/inschrift/HD001589,https://www.trismegistos.org/text/265726,https://edcs.hist.uzh.ch/en/document?edcs-id=EDCS-08400067
HD009820,testsample,https://edh.ub.uni-heidelberg.de/edh/inschrift/HD009820,https://www.trismegistos.org/text/194073,https://edcs.hist.uzh.ch/en/document?edcs-id=EDCS-10000343
HD033851,testsample,https://edh.ub.uni-heidelberg.de/edh/inschrift/HD033851,https://www.trismegistos.org/text/182449,https://edcs.hist.uzh.ch/en/document?edcs-id=EDCS-10000630
HD040233,testsample,https://edh.ub.uni-heidelberg.de/edh/inschrift/HD040233,https://www.trismegistos.org/text/206209,https://edcs.hist.uzh.ch/en/document?edcs-id=EDCS-09800979
HD046704,testsample,https://edh.ub.uni-heidelberg.de/edh/inschrift/HD046704,https://www.trismegistos.org/text/181011,https://edcs.hist.uzh.ch/en/document?edcs-id=EDCS-32200984
HD052219,testsample,https://edh.ub.uni-heidelberg.de/edh/inschrift/HD052219,https://www.trismegistos.org/text/211699,https://edcs.hist.uzh.ch/en/document?edcs-id=EDCS-11001758
HD041628,testsample,https://edh.ub.uni-heidelberg.de/edh/inschrift/HD041628,https://www.trismegistos.org/text/207143,https://edcs.hist.uzh.ch/en/document?edcs-id=EDCS-09801836
HD041018,testsample,https://edh.ub.uni-heidelberg.de/edh/inschrift/HD041018,https://www.trismegistos.org/text/206691,https://edcs.hist.uzh.ch/en/document?edcs-id=EDCS-09801415
HD035039,testsample,https://edh.ub.uni-heidelberg.de/edh/inschrift/HD035039,https://www.trismegistos.org/text/183499,https://edcs.hist.uzh.ch/en/document?edcs-id=EDCS-10101622
HD001219,testsample,https://edh.ub.uni-heidelberg.de/edh/inschrift/HD001219,https://www.trismegistos.org/text/198791,https://edcs.hist.uzh.ch/en/document?edcs-id=EDCS-08600643
HD070990,testsample,https://edh.ub.uni-heidelberg.de/edh/inschrift/HD070990,https://www.trismegistos.org/text/156324,https://edcs.hist.uzh.ch/en/document?edcs-id=EDCS-07900641
HD034131,testsample,https://edh.ub.uni-heidelberg.de/edh/inschrift/HD034131,https://www.trismegistos.org/text/182725,https://edcs.hist.uzh.ch/en/document?edcs-id=EDCS-10000720
HD039800,testsample,https://edh.ub.uni-heidelberg.de/edh/inschrift/HD039800,https://www.trismegistos.org/text/205950,https://edcs.hist.uzh.ch/en/document?edcs-id=EDCS-09800750
HD007521,testsample,https://edh.ub.uni-heidelberg.de/edh/inschrift/HD007521,https://www.trismegistos.org/text/224153,https://edcs.hist.uzh.ch/en/document?edcs-id=EDCS-09000828
HD043045,testsample,https://edh.ub.uni-heidelberg.de/edh/inschrift/HD043045,https://www.trismegistos.org/text/192005,https://edcs.hist.uzh.ch/en/document?edcs-id=EDCS-27800444
HD043872,testsample,https://edh.ub.uni-heidelberg.de/edh/inschrift/HD043872,https://www.trismegistos.org/text/176167,https://edcs.hist.uzh.ch/en/document?edcs-id=EDCS-67200868
HD061868,testsample,https://edh.ub.uni-heidelberg.de/edh/inschrift/HD061868,https://www.trismegistos.org/text/186852,https://edcs.hist.uzh.ch/en/document?edcs-id=EDCS-28300120
HD052420,testsample,https://edh.ub.uni-heidelberg.de/edh/inschrift/HD052420,https://www.trismegistos.org/text/121680,https://edcs.hist.uzh.ch/en/document?edcs-id=EDCS-66400039
HD074264,testsample,https://edh.ub.uni-heidelberg.de/edh/inschrift/HD074264,https://www.trismegistos.org/text/407910,https://edcs.hist.uzh.ch/en/document?edcs-id=EDCS-28800127
HD062085,testsample,https://edh.ub.uni-heidelberg.de/edh/inschrift/HD062085,https://www.trismegistos.org/text/193935,https://edcs.hist.uzh.ch/en/document?edcs-id=EDCS-11201414
HD063258,testsample,https://edh.ub.uni-heidelberg.de/edh/inschrift/HD063258,https://www.trismegistos.org/text/187976,https://edcs.hist.uzh.ch/en/document?edcs-id=EDCS-27700129
HD063355,testsample,https://edh.ub.uni-heidelberg.de/edh/inschrift/HD063355,https://www.trismegistos.org/text/188073,https://edcs.hist.uzh.ch/en/document?edcs-id=EDCS-48000064
HD073455,testsample,https://edh.ub.uni-heidelberg.de/edh/inschrift/HD073455,,
HD005996,testsample,https://edh.ub.uni-heidelberg.de/edh/inschrift/HD005996,https://www.trismegistos.org/text/264785,https://edcs.hist.uzh.ch/en/document?edcs-id=EDCS-09400082
HD039988,testsample,https://edh.ub.uni-heidelberg.de/edh/inschrift/HD039988,https://www.trismegistos.org/text/183999,https://edcs.hist.uzh.ch/en/document?edcs-id=EDCS-00380794
HD010433,testsample,https://edh.ub.uni-heidelberg.de/edh/inschrift/HD010433,https://www.trismegistos.org/text/264559,https://edcs.hist.uzh.ch/en/document?edcs-id=EDCS-09401326
HD078334,testsample,https://edh.ub.uni-heidelberg.de/edh/inschrift/HD078334,,
HD041228,testsample,https://edh.ub.uni-heidelberg.de/edh/inschrift/HD041228,https://www.trismegistos.org/text/206842,https://edcs.hist.uzh.ch/en/document?edcs-id=EDCS-09801552
HD066851,testsample,https://edh.ub.uni-heidelberg.de/edh/inschrift/HD066851,https://www.trismegistos.org/text/402369,https://edcs.hist.uzh.ch/en/document?edcs-id=EDCS-51100481
HD027722,testsample,https://edh.ub.uni-heidelberg.de/edh/inschrift/HD027722,https://www.trismegistos.org/text/223452,https://edcs.hist.uzh.ch/en/document?edcs-id=EDCS-09000109
HD063395,testsample,https://edh.ub.uni-heidelberg.de/edh/inschrift/HD063395,https://www.trismegistos.org/text/188113,https://edcs.hist.uzh.ch/en/document?edcs-id=EDCS-29300249
HD074868,testsample,https://edh.ub.uni-heidelberg.de/edh/inschrift/HD074868,,
HD043417,testsample,https://edh.ub.uni-heidelberg.de/edh/inschrift/HD043417,https://www.trismegistos.org/text/193854,https://edcs.hist.uzh.ch/en/document?edcs-id=EDCS-29700291
HD063645,testsample,https://edh.ub.uni-heidelberg.de/edh/inschrift/HD063645,https://www.trismegistos.org/text/188359,https://edcs.hist.uzh.ch/en/document?edcs-id=EDCS-46600047
HD072556,testsample,https://edh.ub.uni-heidelberg.de/edh/inschrift/HD072556,https://www.trismegistos.org/text/415402,https://edcs.hist.uzh.ch/en/document?edcs-id=EDCS-01200224
HD075813,testsample,https://edh.ub.uni-heidelberg.de/edh/inschrift/HD075813,https://www.trismegistos.org/text/425208,
HD065666,testsample,https://edh.ub.uni-heidelberg.de/edh/inschrift/HD065666,https://www.trismegistos.org/text/494944,https://edcs.hist.uzh.ch/en/document?edcs-id=EDCS-08400730
HD081085,testsample,https://edh.ub.uni-heidelberg.de/edh/inschrift/HD081085,https://www.trismegistos.org/text/424560,
HD049427,testsample,https://edh.ub.uni-heidelberg.de/edh/inschrift/HD049427,https://www.trismegistos.org/text/181597,https://edcs.hist.uzh.ch/en/document?edcs-id=EDCS-27300119
HD030215,testsample,https://edh.ub.uni-heidelberg.de/edh/inschrift/HD030215,https://www.trismegistos.org/text/222375,https://edcs.hist.uzh.ch/en/document?edcs-id=EDCS-08700595
HD064948,testsample,https://edh.ub.uni-heidelberg.de/edh/inschrift/HD064948,https://www.trismegistos.org/text/189166,https://edcs.hist.uzh.ch/en/document?edcs-id=EDCS-47800114
HD082263,testsample,https://edh.ub.uni-heidelberg.de/edh/inschrift/HD082263,,
HD076464,testsample,https://edh.ub.uni-heidelberg.de/edh/inschrift/HD076464,,
HD047116,testsample,https://edh.ub.uni-heidelberg.de/edh/inschrift/HD047116,https://www.trismegistos.org/text/215557,https://edcs.hist.uzh.ch/en/document?edcs-id=EDCS-24200338
HD069940,testsample,https://edh.ub.uni-heidelberg.de/edh/inschrift/HD069940,https://www.trismegistos.org/text/155171,https://edcs.hist.uzh.ch/en/document?edcs-id=EDCS-07800969
HD039089,testsample,https://edh.ub.uni-heidelberg.de/edh/inschrift/HD039089,https://www.trismegistos.org/text/179776,https://edcs.hist.uzh.ch/en/document?edcs-id=EDCS-15900573
HD064454,testsample,https://edh.ub.uni-heidelberg.de/edh/inschrift/HD064454,https://www.trismegistos.org/text/188866,https://edcs.hist.uzh.ch/en/document?edcs-id=EDCS-47800522
HD080543,testsample,https://edh.ub.uni-heidelberg.de/edh/inschrift/HD080543,https://www.trismegistos.org/text/424365,
HD079079,testsample,https://edh.ub.uni-heidelberg.de/edh/inschrift/HD079079,https://www.trismegistos.org/text/424965,https://edcs.hist.uzh.ch/en/document?edcs-id=EDCS-10801405
HD038293,testsample,https://edh.ub.uni-heidelberg.de/edh/inschrift/HD038293,https://www.trismegistos.org/text/196564,https://edcs.hist.uzh.ch/en/document?edcs-id=EDCS-26600580
HD076522,testsample,https://edh.ub.uni-heidelberg.de/edh/inschrift/HD076522,https://www.trismegistos.org/text/419862,
HD029431,testsample,https://edh.ub.uni-heidelberg.de/edh/inschrift/HD029431,https://www.trismegistos.org/text/222071,https://edcs.hist.uzh.ch/en/document?edcs-id=EDCS-08700254
HD042621,testsample,https://edh.ub.uni-heidelberg.de/edh/inschrift/HD042621,https://www.trismegistos.org/text/191661,https://edcs.hist.uzh.ch/en/document?edcs-id=EDCS-29100207
HD070794,testsample,https://edh.ub.uni-heidelberg.de/edh/inschrift/HD070794,https://www.trismegistos.org/text/156115,https://edcs.hist.uzh.ch/en/document?edcs-id=EDCS-07900430
HD082059,testsample,https://edh.ub.uni-heidelberg.de/edh/inschrift/HD082059,https://www.trismegistos.org/text/424811,
HD070108,testsample,https://edh.ub.uni-heidelberg.de/edh/inschrift/HD070108,https://www.trismegistos.org/text/155357,https://edcs.hist.uzh.ch/en/document?edcs-id=EDCS-07801155
HD034710,testsample,https://edh.ub.uni-heidelberg.de/edh/inschrift/HD034710,https://www.trismegistos.org/text/183283,https://edcs.hist.uzh.ch/en/document?edcs-id=EDCS-29900033
HD061183,testsample,https://edh.ub.uni-heidelberg.de/edh/inschrift/HD061183,https://www.trismegistos.org/text/186376,https://edcs.hist.uzh.ch/en/document?edcs-id=EDCS-30900091
HD000953,testsample,https://edh.ub.uni-heidelberg.de/edh/inschrift/HD000953,https://www.trismegistos.org/text/265583,https://edcs.hist.uzh.ch/en/document?edcs-id=EDCS-23300814
HD049086,testsample,https://edh.ub.uni-heidelberg.de/edh/inschrift/HD049086,https://www.trismegistos.org/text/216808,https://edcs.hist.uzh.ch/en/document?edcs-id=EDCS-11801090
HD063200,testsample,https://edh.ub.uni-heidelberg.de/edh/inschrift/HD063200,https://www.trismegistos.org/text/187918,https://edcs.hist.uzh.ch/en/document?edcs-id=EDCS-29500285
HD077653,testsample,https://edh.ub.uni-heidelberg.de/edh/inschrift/HD077653,https://www.trismegistos.org/text/462632,
HD058701,testsample,https://edh.ub.uni-heidelberg.de/edh/inschrift/HD058701,https://www.trismegistos.org/text/217150,https://edcs.hist.uzh.ch/en/document?edcs-id=EDCS-27500289
HD005610,testsample,https://edh.ub.uni-heidelberg.de/edh/inschrift/HD005610,https://www.trismegistos.org/text/265256,https://edcs.hist.uzh.ch/en/document?edcs-id=EDCS-09400805
HD064960,testsample,https://edh.ub.uni-heidelberg.de/edh/inschrift/HD064960,https://www.trismegistos.org/text/189178,https://edcs.hist.uzh.ch/en/document?edcs-id=EDCS-47800127
HD066009,testsample,https://edh.ub.uni-heidelberg.de/edh/inschrift/HD066009,https://www.trismegistos.org/text/494210,https://edcs.hist.uzh.ch/en/document?edcs-id=EDCS-05400562
HD058332,testsample,https://edh.ub.uni-heidelberg.de/edh/inschrift/HD058332,https://www.trismegistos.org/text/217002,https://edcs.hist.uzh.ch/en/document?edcs-id=EDCS-31001604
HD030233,testsample,https://edh.ub.uni-heidelberg.de/edh/inschrift/HD030233,https://www.trismegistos.org/text/222382,https://edcs.hist.uzh.ch/en/document?edcs-id=EDCS-08700603
HD069479,testsample,https://edh.ub.uni-heidelberg.de/edh/inschrift/HD069479,https://www.trismegistos.org/text/154657,https://edcs.hist.uzh.ch/en/document?edcs-id=EDCS-07800406
HD079220,testsample,https://edh.ub.uni-heidelberg.de/edh/inschrift/HD079220,https://www.trismegistos.org/text/426083,https://edcs.hist.uzh.ch/en/document?edcs-id=EDCS-12500078
HD035093,testsample,https://edh.ub.uni-heidelberg.de/edh/inschrift/HD035093,https://www.trismegistos.org/text/183553,https://edcs.hist.uzh.ch/en/document?edcs-id=EDCS-47800011
HD068836,testsample,https://edh.ub.uni-heidelberg.de/edh/inschrift/HD068836,https://www.trismegistos.org/text/410610,https://edcs.hist.uzh.ch/en/document?edcs-id=EDCS-10000400
HD001718,testsample,https://edh.ub.uni-heidelberg.de/edh/inschrift/HD001718,https://www.trismegistos.org/text/251232,https://edcs.hist.uzh.ch/en/document?edcs-id=EDCS-10700785
HD067113,testsample,https://edh.ub.uni-heidelberg.de/edh/inschrift/HD067113,https://www.trismegistos.org/text/402973,https://edcs.hist.uzh.ch/en/document?edcs-id=EDCS-14600163
HD058251,testsample,https://edh.ub.uni-heidelberg.de/edh/inschrift/HD058251,https://www.trismegistos.org/text/185541,https://edcs.hist.uzh.ch/en/document?edcs-id=EDCS-31400330
HD037711,testsample,https://edh.ub.uni-heidelberg.de/edh/inschrift/HD037711,https://www.trismegistos.org/text/229044,https://edcs.hist.uzh.ch/en/document?edcs-id=EDCS-05502853
HD057935,testsample,https://edh.ub.uni-heidelberg.de/edh/inschrift/HD057935,https://www.trismegistos.org/text/185376,https://edcs.hist.uzh.ch/en/document?edcs-id=EDCS-31400578
HD004191,testsample,https://edh.ub.uni-heidelberg.de/edh/inschrift/HD004191,https://www.trismegistos.org/text/247837,https://edcs.hist.uzh.ch/en/document?edcs-id=EDCS-08900915
HD039913,testsample,https://edh.ub.uni-heidelberg.de/edh/inschrift/HD039913,https://www.trismegistos.org/text/206021,https://edcs.hist.uzh.ch/en/document?edcs-id=EDCS-13003459
HD011377,testsample,https://edh.ub.uni-heidelberg.de/edh/inschrift/HD011377,https://www.trismegistos.org/text/207486,https://edcs.hist.uzh.ch/en/document?edcs-id=EDCS-10000105
HD020784,testsample,https://edh.ub.uni-heidelberg.de/edh/inschrift/HD020784,https://www.trismegistos.org/text/191117,https://edcs.hist.uzh.ch/en/document?edcs-id=EDCS-15700156
HD041811,testsample,https://edh.ub.uni-heidelberg.de/edh/inschrift/HD041811,https://www.trismegistos.org/text/237756,https://edcs.hist.uzh.ch/en/document?edcs-id=EDCS-10301569
HD037741,testsample,https://edh.ub.uni-heidelberg.de/edh/inschrift/HD037741,https://www.trismegistos.org/text/196378,https://edcs.hist.uzh.ch/en/document?edcs-id=EDCS-27900123
HD063707,testsample,https://edh.ub.uni-heidelberg.de/edh/inschrift/HD063707,https://www.trismegistos.org/text/188421,https://edcs.hist.uzh.ch/en/document?edcs-id=EDCS-29200305
HD059863,testsample,https://edh.ub.uni-heidelberg.de/edh/inschrift/HD059863,https://www.trismegistos.org/text/212209,https://edcs.hist.uzh.ch/en/document?edcs-id=EDCS-11001468
HD066349,testsample,https://edh.ub.uni-heidelberg.de/edh/inschrift/HD066349,https://www.trismegistos.org/text/494553,https://edcs.hist.uzh.ch/en/document?edcs-id=EDCS-05401168
HD062782,testsample,https://edh.ub.uni-heidelberg.de/edh/inschrift/HD062782,https://www.trismegistos.org/text/187500,https://edcs.hist.uzh.ch/en/document?edcs-id=EDCS-28000141
HD007665,testsample,https://edh.ub.uni-heidelberg.de/edh/inschrift/HD007665,https://www.trismegistos.org/text/226822,https://edcs.hist.uzh.ch/en/document?edcs-id=EDCS-11600388
HD053804,testsample,https://edh.ub.uni-heidelberg.de/edh/inschrift/HD053804,https://www.trismegistos.org/text/197323,https://edcs.hist.uzh.ch/en/document?edcs-id=EDCS-04900881
HD029386,testsample,https://edh.ub.uni-heidelberg.de/edh/inschrift/HD029386,https://www.trismegistos.org/text/222053,https://edcs.hist.uzh.ch/en/document?edcs-id=EDCS-08700237
HD081067,testsample,https://edh.ub.uni-heidelberg.de/edh/inschrift/HD081067,https://www.trismegistos.org/text/424497,
HD036124,testsample,https://edh.ub.uni-heidelberg.de/edh/inschrift/HD036124,https://www.trismegistos.org/text/193567,https://edcs.hist.uzh.ch/en/document?edcs-id=EDCS-30100674
HD073496,testsample,https://edh.ub.uni-heidelberg.de/edh/inschrift/HD073496,,
HD008419,testsample,https://edh.ub.uni-heidelberg.de/edh/inschrift/HD008419,https://www.trismegistos.org/text/192624,https://edcs.hist.uzh.ch/en/document?edcs-id=EDCS-08901150
HD013506,testsample,https://edh.ub.uni-heidelberg.de/edh/inschrift/HD013506,https://www.trismegistos.org/text/285413,https://edcs.hist.uzh.ch/en/document?edcs-id=EDCS-10801676
HD060154,testsample,https://edh.ub.uni-heidelberg.de/edh/inschrift/HD060154,https://www.trismegistos.org/text/217276,https://edcs.hist.uzh.ch/en/document?edcs-id=EDCS-30700692
HD007339,testsample,https://edh.ub.uni-heidelberg.de/edh/inschrift/HD007339,https://www.trismegistos.org/text/198993,https://edcs.hist.uzh.ch/en/document?edcs-id=EDCS-09400753
HD061900,testsample,https://edh.ub.uni-heidelberg.de/edh/inschrift/HD061900,https://www.trismegistos.org/text/186877,https://edcs.hist.uzh.ch/en/document?edcs-id=EDCS-48000055
HD002824,testsample,https://edh.ub.uni-heidelberg.de/edh/inschrift/HD002824,https://www.trismegistos.org/text/259570,https://edcs.hist.uzh.ch/en/document?edcs-id=EDCS-08000803
HD016645,testsample,https://edh.ub.uni-heidelberg.de/edh/inschrift/HD016645,https://www.trismegistos.org/text/194266,https://edcs.hist.uzh.ch/en/document?edcs-id=EDCS-13400046
HD076151,testsample,https://edh.ub.uni-heidelberg.de/edh/inschrift/HD076151,https://www.trismegistos.org/text/425133,
HD035196,testsample,https://edh.ub.uni-heidelberg.de/edh/inschrift/HD035196,https://www.trismegistos.org/text/183655,https://edcs.hist.uzh.ch/en/document?edcs-id=EDCS-10101803
HD035190,testsample,https://edh.ub.uni-heidelberg.de/edh/inschrift/HD035190,https://www.trismegistos.org/text/183649,https://edcs.hist.uzh.ch/en/document?edcs-id=EDCS-10101768
HD065941,testsample,https://edh.ub.uni-heidelberg.de/edh/inschrift/HD065941,https://www.trismegistos.org/text/494862,https://edcs.hist.uzh.ch/en/document?edcs-id=EDCS-13301707
HD044934,testsample,https://edh.ub.uni-heidelberg.de/edh/inschrift/HD044934,https://www.trismegistos.org/text/180361,https://edcs.hist.uzh.ch/en/document?edcs-id=EDCS-28400584
HD040202,testsample,https://edh.ub.uni-heidelberg.de/edh/inschrift/HD040202,https://www.trismegistos.org/text/206184,https://edcs.hist.uzh.ch/en/document?edcs-id=EDCS-09800955
HD041511,testsample,https://edh.ub.uni-heidelberg.de/edh/inschrift/HD041511,https://www.trismegistos.org/text/207065,https://edcs.hist.uzh.ch/en/document?edcs-id=EDCS-09801762
HD040714,testsample,https://edh.ub.uni-heidelberg.de/edh/inschrift/HD040714,https://www.trismegistos.org/text/208483,https://edcs.hist.uzh.ch/en/document?edcs-id=EDCS-10600998
HD058609,testsample,https://edh.ub.uni-heidelberg.de/edh/inschrift/HD058609,https://www.trismegistos.org/text/185723,https://edcs.hist.uzh.ch/en/document?edcs-id=EDCS-30000210
HD000123,testsample,https://edh.ub.uni-heidelberg.de/edh/inschrift/HD000123,https://www.trismegistos.org/text/265637,https://edcs.hist.uzh.ch/en/document?edcs-id=EDCS-34900439
HD062854,testsample,https://edh.ub.uni-heidelberg.de/edh/inschrift/HD062854,https://www.trismegistos.org/text/187572,https://edcs.hist.uzh.ch/en/document?edcs-id=EDCS-27900017
HD031810,testsample,https://edh.ub.uni-heidelberg.de/edh/inschrift/HD031810,https://www.trismegistos.org/text/194537,https://edcs.hist.uzh.ch/en/document?edcs-id=EDCS-17500074
HD055649,testsample,https://edh.ub.uni-heidelberg.de/edh/inschrift/HD055649,https://www.trismegistos.org/text/184870,https://edcs.hist.uzh.ch/en/document?edcs-id=EDCS-28100149
HD081336,testsample,https://edh.ub.uni-heidelberg.de/edh/inschrift/HD081336,https://www.trismegistos.org/text/424505,
HD040292,testsample,https://edh.ub.uni-heidelberg.de/edh/inschrift/HD040292,https://www.trismegistos.org/text/206237,https://edcs.hist.uzh.ch/en/document?edcs-id=EDCS-09801004
HD026220,testsample,https://edh.ub.uni-heidelberg.de/edh/inschrift/HD026220,https://www.trismegistos.org/text/191244,https://edcs.hist.uzh.ch/en/document?edcs-id=EDCS-55701577
HD010903,testsample,https://edh.ub.uni-heidelberg.de/edh/inschrift/HD010903,https://www.trismegistos.org/text/194081,https://edcs.hist.uzh.ch/en/document?edcs-id=EDCS-09400602
HD024686,testsample,https://edh.ub.uni-heidelberg.de/edh/inschrift/HD024686,https://www.trismegistos.org/text/232539,https://edcs.hist.uzh.ch/en/document?edcs-id=EDCS-09100251
HD040268,testsample,https://edh.ub.uni-heidelberg.de/edh/inschrift/HD040268,https://www.trismegistos.org/text/196994,https://edcs.hist.uzh.ch/en/document?edcs-id=EDCS-09900040
HD063708,testsample,https://edh.ub.uni-heidelberg.de/edh/inschrift/HD063708,https://www.trismegistos.org/text/188422,https://edcs.hist.uzh.ch/en/document?edcs-id=EDCS-30000200
HD017802,testsample,https://edh.ub.uni-heidelberg.de/edh/inschrift/HD017802,https://www.trismegistos.org/text/207574,https://edcs.hist.uzh.ch/en/document?edcs-id=EDCS-09401462
HD031928,testsample,https://edh.ub.uni-heidelberg.de/edh/inschrift/HD031928,https://www.trismegistos.org/text/223205,https://edcs.hist.uzh.ch/en/document?edcs-id=EDCS-08701263
HD001628,testsample,https://edh.ub.uni-heidelberg.de/edh/inschrift/HD001628,https://www.trismegistos.org/text/265739,https://edcs.hist.uzh.ch/en/document?edcs-id=EDCS-08400080
HD064734,testsample,https://edh.ub.uni-heidelberg.de/edh/inschrift/HD064734,https://www.trismegistos.org/text/188952,https://edcs.hist.uzh.ch/en/document?edcs-id=EDCS-47800347
HD031937,testsample,https://edh.ub.uni-heidelberg.de/edh/inschrift/HD031937,https://www.trismegistos.org/text/223208,https://edcs.hist.uzh.ch/en/document?edcs-id=EDCS-08701266
HD038205,testsample,https://edh.ub.uni-heidelberg.de/edh/inschrift/HD038205,https://www.trismegistos.org/text/196540,https://edcs.hist.uzh.ch/en/document?edcs-id=EDCS-29000587
HD001870,testsample,https://edh.ub.uni-heidelberg.de/edh/inschrift/HD001870,https://www.trismegistos.org/text/236843,https://edcs.hist.uzh.ch/en/document?edcs-id=EDCS-11901867
HD042799,testsample,https://edh.ub.uni-heidelberg.de/edh/inschrift/HD042799,https://www.trismegistos.org/text/191835,https://edcs.hist.uzh.ch/en/document?edcs-id=EDCS-27800926
HD067147,testsample,https://edh.ub.uni-heidelberg.de/edh/inschrift/HD067147,https://www.trismegistos.org/text/402583,https://edcs.hist.uzh.ch/en/document?edcs-id=EDCS-14500568
HD035124,testsample,https://edh.ub.uni-heidelberg.de/edh/inschrift/HD035124,https://www.trismegistos.org/text/183583,https://edcs.hist.uzh.ch/en/document?edcs-id=EDCS-29900037
HD056712,testsample,https://edh.ub.uni-heidelberg.de/edh/inschrift/HD056712,https://www.trismegistos.org/text/185055,https://edcs.hist.uzh.ch/en/document?edcs-id=EDCS-56900116
HD000250,testsample,https://edh.ub.uni-heidelberg.de/edh/inschrift/HD000250,https://www.trismegistos.org/text/245339,https://edcs.hist.uzh.ch/en/document?edcs-id=EDCS-08500178
HD024665,testsample,https://edh.ub.uni-heidelberg.de/edh/inschrift/HD024665,https://www.trismegistos.org/text/232532,https://edcs.hist.uzh.ch/en/document?edcs-id=EDCS-09100244
HD073875,testsample,https://edh.ub.uni-heidelberg.de/edh/inschrift/HD073875,,
HD040640,testsample,https://edh.ub.uni-heidelberg.de/edh/inschrift/HD040640,https://www.trismegistos.org/text/206398,https://edcs.hist.uzh.ch/en/document?edcs-id=EDCS-09801161
HD040019,testsample,https://edh.ub.uni-heidelberg.de/edh/inschrift/HD040019,https://www.trismegistos.org/text/206063,https://edcs.hist.uzh.ch/en/document?edcs-id=EDCS-09800852
HD002991,testsample,https://edh.ub.uni-heidelberg.de/edh/inschrift/HD002991,https://www.trismegistos.org/text/198814,https://edcs.hist.uzh.ch/en/document?edcs-id=EDCS-08300557
HD040832,testsample,https://edh.ub.uni-heidelberg.de/edh/inschrift/HD040832,https://www.trismegistos.org/text/206521,https://edcs.hist.uzh.ch/en/document?edcs-id=EDCS-09801271
HD065670,testsample,https://edh.ub.uni-heidelberg.de/edh/inschrift/HD065670,https://www.trismegistos.org/text/494948,https://edcs.hist.uzh.ch/en/document?edcs-id=EDCS-08400734
HD037650,testsample,https://edh.ub.uni-heidelberg.de/edh/inschrift/HD037650,https://www.trismegistos.org/text/195084,https://edcs.hist.uzh.ch/en/document?edcs-id=EDCS-09900494
HD052646,testsample,https://edh.ub.uni-heidelberg.de/edh/inschrift/HD052646,https://www.trismegistos.org/text/211708,
HD078311,testsample,https://edh.ub.uni-heidelberg.de/edh/inschrift/HD078311,,
HD040099,testsample,https://edh.ub.uni-heidelberg.de/edh/inschrift/HD040099,https://www.trismegistos.org/text/206119,https://edcs.hist.uzh.ch/en/document?edcs-id=EDCS-28000969
HD034939,testsample,https://edh.ub.uni-heidelberg.de/edh/inschrift/HD034939,https://www.trismegistos.org/text/183462,https://edcs.hist.uzh.ch/en/document?edcs-id=EDCS-30000193
HD073892,testsample,https://edh.ub.uni-heidelberg.de/edh/inschrift/HD073892,,
HD057445,testsample,https://edh.ub.uni-heidelberg.de/edh/inschrift/HD057445,https://www.trismegistos.org/text/185188,https://edcs.hist.uzh.ch/en/document?edcs-id=EDCS-56900127
HD024827,testsample,https://edh.ub.uni-heidelberg.de/edh/inschrift/HD024827,https://www.trismegistos.org/text/232595,https://edcs.hist.uzh.ch/en/document?edcs-id=EDCS-09100307
HD024039,testsample,https://edh.ub.uni-heidelberg.de/edh/inschrift/HD024039,https://www.trismegistos.org/text/244162,https://edcs.hist.uzh.ch/en/document?edcs-id=EDCS-16000274
HD031688,testsample,https://edh.ub.uni-heidelberg.de/edh/inschrift/HD031688,https://www.trismegistos.org/text/223116,https://edcs.hist.uzh.ch/en/document?edcs-id=EDCS-08701164
HD036389,testsample,https://edh.ub.uni-heidelberg.de/edh/inschrift/HD036389,https://www.trismegistos.org/text/183887,https://edcs.hist.uzh.ch/en/document?edcs-id=EDCS-37900128
HD029530,testsample,https://edh.ub.uni-heidelberg.de/edh/inschrift/HD029530,https://www.trismegistos.org/text/222107,https://edcs.hist.uzh.ch/en/document?edcs-id=EDCS-08700291
HD062258,testsample,https://edh.ub.uni-heidelberg.de/edh/inschrift/HD062258,https://www.trismegistos.org/text/187116,https://edcs.hist.uzh.ch/en/document?edcs-id=EDCS-28600150
HD033031,testsample,https://edh.ub.uni-heidelberg.de/edh/inschrift/HD033031,https://www.trismegistos.org/text/193008,https://edcs.hist.uzh.ch/en/document?edcs-id=EDCS-11301579
HD038355,testsample,https://edh.ub.uni-heidelberg.de/edh/inschrift/HD038355,https://www.trismegistos.org/text/195119,https://edcs.hist.uzh.ch/en/document?edcs-id=EDCS-09900343
HD038678,testsample,https://edh.ub.uni-heidelberg.de/edh/inschrift/HD038678,https://www.trismegistos.org/text/215141,https://edcs.hist.uzh.ch/en/document?edcs-id=EDCS-14500823
HD035291,testsample,https://edh.ub.uni-heidelberg.de/edh/inschrift/HD035291,https://www.trismegistos.org/text/183730,https://edcs.hist.uzh.ch/en/document?edcs-id=EDCS-10101941
HD073685,testsample,https://edh.ub.uni-heidelberg.de/edh/inschrift/HD073685,,
HD039395,testsample,https://edh.ub.uni-heidelberg.de/edh/inschrift/HD039395,https://www.trismegistos.org/text/196822,https://edcs.hist.uzh.ch/en/document?edcs-id=EDCS-09900206
HD064812,testsample,https://edh.ub.uni-heidelberg.de/edh/inschrift/HD064812,https://www.trismegistos.org/text/189030,https://edcs.hist.uzh.ch/en/document?edcs-id=EDCS-47800579
HD006565,testsample,https://edh.ub.uni-heidelberg.de/edh/inschrift/HD006565,https://www.trismegistos.org/text/224136,https://edcs.hist.uzh.ch/en/document?edcs-id=EDCS-09000811
HD002917,testsample,https://edh.ub.uni-heidelberg.de/edh/inschrift/HD002917,https://www.trismegistos.org/text/123725,https://edcs.hist.uzh.ch/en/document?edcs-id=EDCS-04202546
HD064930,testsample,https://edh.ub.uni-heidelberg.de/edh/inschrift/HD064930,https://www.trismegistos.org/text/189148,https://edcs.hist.uzh.ch/en/document?edcs-id=EDCS-47800095
HD042019,testsample,https://edh.ub.uni-heidelberg.de/edh/inschrift/HD042019,https://www.trismegistos.org/text/191387,https://edcs.hist.uzh.ch/en/document?edcs-id=EDCS-30200674
HD069938,testsample,https://edh.ub.uni-heidelberg.de/edh/inschrift/HD069938,https://www.trismegistos.org/text/155169,https://edcs.hist.uzh.ch/en/document?edcs-id=EDCS-07800967
HD043366,testsample,https://edh.ub.uni-heidelberg.de/edh/inschrift/HD043366,https://www.trismegistos.org/text/192248,https://edcs.hist.uzh.ch/en/document?edcs-id=EDCS-32500047
HD042021,testsample,https://edh.ub.uni-heidelberg.de/edh/inschrift/HD042021,https://www.trismegistos.org/text/191389,https://edcs.hist.uzh.ch/en/document?edcs-id=EDCS-27800494
HD062004,testsample,https://edh.ub.uni-heidelberg.de/edh/inschrift/HD062004,https://www.trismegistos.org/text/186961,https://edcs.hist.uzh.ch/en/document?edcs-id=EDCS-22400589
HD008485,testsample,https://edh.ub.uni-heidelberg.de/edh/inschrift/HD008485,https://www.trismegistos.org/text/177073,https://edcs.hist.uzh.ch/en/document?edcs-id=EDCS-08901164
HD012306,testsample,https://edh.ub.uni-heidelberg.de/edh/inschrift/HD012306,https://www.trismegistos.org/text/181871,https://edcs.hist.uzh.ch/en/document?edcs-id=EDCS-09300469
HD059696,testsample,https://edh.ub.uni-heidelberg.de/edh/inschrift/HD059696,https://www.trismegistos.org/text/203016,https://edcs.hist.uzh.ch/en/document?edcs-id=EDCS-06000856
HD042921,testsample,https://edh.ub.uni-heidelberg.de/edh/inschrift/HD042921,https://www.trismegistos.org/text/191911,https://edcs.hist.uzh.ch/en/document?edcs-id=EDCS-29900516
HD042575,testsample,https://edh.ub.uni-heidelberg.de/edh/inschrift/HD042575,https://www.trismegistos.org/text/191624,https://edcs.hist.uzh.ch/en/document?edcs-id=EDCS-11301296
HD001396,testsample,https://edh.ub.uni-heidelberg.de/edh/inschrift/HD001396,https://www.trismegistos.org/text/265551,https://edcs.hist.uzh.ch/en/document?edcs-id=EDCS-08600045
HD050366,testsample,https://edh.ub.uni-heidelberg.de/edh/inschrift/HD050366,https://www.trismegistos.org/text/211607,https://edcs.hist.uzh.ch/en/document?edcs-id=EDCS-03000706
HD038035,testsample,https://edh.ub.uni-heidelberg.de/edh/inschrift/HD038035,https://www.trismegistos.org/text/215054,https://edcs.hist.uzh.ch/en/document?edcs-id=EDCS-14500659
HD079100,testsample,https://edh.ub.uni-heidelberg.de/edh/inschrift/HD079100,https://www.trismegistos.org/text/705775,https://edcs.hist.uzh.ch/en/document?edcs-id=EDCS-71100019
HD065112,testsample,https://edh.ub.uni-heidelberg.de/edh/inschrift/HD065112,https://www.trismegistos.org/text/190601,https://edcs.hist.uzh.ch/en/document?edcs-id=EDCS-66200223
HD074070,testsample,https://edh.ub.uni-heidelberg.de/edh/inschrift/HD074070,,
HD039064,testsample,https://edh.ub.uni-heidelberg.de/edh/inschrift/HD039064,https://www.trismegistos.org/text/196708,https://edcs.hist.uzh.ch/en/document?edcs-id=EDCS-09900148
HD034003,testsample,https://edh.ub.uni-heidelberg.de/edh/inschrift/HD034003,https://www.trismegistos.org/text/182597,https://edcs.hist.uzh.ch/en/document?edcs-id=EDCS-10100685
HD056567,testsample,https://edh.ub.uni-heidelberg.de/edh/inschrift/HD056567,https://www.trismegistos.org/text/215827,https://edcs.hist.uzh.ch/en/document?edcs-id=EDCS-14400055
HD037921,testsample,https://edh.ub.uni-heidelberg.de/edh/inschrift/HD037921,https://www.trismegistos.org/text/196472,https://edcs.hist.uzh.ch/en/document?edcs-id=EDCS-27900179
HD082811,testsample,https://edh.ub.uni-heidelberg.de/edh/inschrift/HD082811,,
HD057614,testsample,https://edh.ub.uni-heidelberg.de/edh/inschrift/HD057614,https://www.trismegistos.org/text/216245,https://edcs.hist.uzh.ch/en/document?edcs-id=EDCS-14600104
HD038924,testsample,https://edh.ub.uni-heidelberg.de/edh/inschrift/HD038924,https://www.trismegistos.org/text/215243,https://edcs.hist.uzh.ch/en/document?edcs-id=EDCS-14600226
HD068677,testsample,https://edh.ub.uni-heidelberg.de/edh/inschrift/HD068677,https://www.trismegistos.org/text/406033,https://edcs.hist.uzh.ch/en/document?edcs-id=EDCS-48300150
HD060677,testsample,https://edh.ub.uni-heidelberg.de/edh/inschrift/HD060677,https://www.trismegistos.org/text/186113,https://edcs.hist.uzh.ch/en/document?edcs-id=EDCS-32700466
HD072519,testsample,https://edh.ub.uni-heidelberg.de/edh/inschrift/HD072519,https://www.trismegistos.org/text/660581,https://edcs.hist.uzh.ch/en/document?edcs-id=EDCS-64100449
HD041756,testsample,https://edh.ub.uni-heidelberg.de/edh/inschrift/HD041756,https://www.trismegistos.org/text/207219,https://edcs.hist.uzh.ch/en/document?edcs-id=EDCS-09801892
HD035071,testsample,https://edh.ub.uni-heidelberg.de/edh/inschrift/HD035071,https://www.trismegistos.org/text/183531,https://edcs.hist.uzh.ch/en/document?edcs-id=EDCS-10101656
HD076172,testsample,https://edh.ub.uni-heidelberg.de/edh/inschrift/HD076172,https://www.trismegistos.org/text/426078,https://edcs.hist.uzh.ch/en/document?edcs-id=EDCS-12500073
HD081066,testsample,https://edh.ub.uni-heidelberg.de/edh/inschrift/HD081066,https://www.trismegistos.org/text/428654,
HD078645,testsample,https://edh.ub.uni-heidelberg.de/edh/inschrift/HD078645,https://www.trismegistos.org/text/417110,
HD062132,testsample,https://edh.ub.uni-heidelberg.de/edh/inschrift/HD062132,https://www.trismegistos.org/text/398625,https://edcs.hist.uzh.ch/en/document?edcs-id=EDCS-28600187
